-- MySQL dump 10.13  Distrib 5.7.31, for Linux (x86_64)
--
-- Host: localhost    Database: eapi
-- ------------------------------------------------------
-- Server version	5.7.31-0ubuntu0.18.04.1

/*!40101 SET @OLD_CHARACTER_SET_CLIENT=@@CHARACTER_SET_CLIENT */;
/*!40101 SET @OLD_CHARACTER_SET_RESULTS=@@CHARACTER_SET_RESULTS */;
/*!40101 SET @OLD_COLLATION_CONNECTION=@@COLLATION_CONNECTION */;
/*!40101 SET NAMES utf8 */;
/*!40103 SET @OLD_TIME_ZONE=@@TIME_ZONE */;
/*!40103 SET TIME_ZONE='+00:00' */;
/*!40014 SET @OLD_UNIQUE_CHECKS=@@UNIQUE_CHECKS, UNIQUE_CHECKS=0 */;
/*!40014 SET @OLD_FOREIGN_KEY_CHECKS=@@FOREIGN_KEY_CHECKS, FOREIGN_KEY_CHECKS=0 */;
/*!40101 SET @OLD_SQL_MODE=@@SQL_MODE, SQL_MODE='NO_AUTO_VALUE_ON_ZERO' */;
/*!40111 SET @OLD_SQL_NOTES=@@SQL_NOTES, SQL_NOTES=0 */;

--
-- Table structure for table `failed_jobs`
--

DROP TABLE IF EXISTS `failed_jobs`;
/*!40101 SET @saved_cs_client     = @@character_set_client */;
/*!40101 SET character_set_client = utf8 */;
CREATE TABLE `failed_jobs` (
  `id` bigint(20) unsigned NOT NULL AUTO_INCREMENT,
  `connection` text COLLATE utf8mb4_unicode_ci NOT NULL,
  `queue` text COLLATE utf8mb4_unicode_ci NOT NULL,
  `payload` longtext COLLATE utf8mb4_unicode_ci NOT NULL,
  `exception` longtext COLLATE utf8mb4_unicode_ci NOT NULL,
  `failed_at` timestamp NOT NULL DEFAULT CURRENT_TIMESTAMP,
  PRIMARY KEY (`id`)
) ENGINE=InnoDB DEFAULT CHARSET=utf8mb4 COLLATE=utf8mb4_unicode_ci;
/*!40101 SET character_set_client = @saved_cs_client */;

--
-- Dumping data for table `failed_jobs`
--

LOCK TABLES `failed_jobs` WRITE;
/*!40000 ALTER TABLE `failed_jobs` DISABLE KEYS */;
/*!40000 ALTER TABLE `failed_jobs` ENABLE KEYS */;
UNLOCK TABLES;

--
-- Table structure for table `migrations`
--

DROP TABLE IF EXISTS `migrations`;
/*!40101 SET @saved_cs_client     = @@character_set_client */;
/*!40101 SET character_set_client = utf8 */;
CREATE TABLE `migrations` (
  `id` int(10) unsigned NOT NULL AUTO_INCREMENT,
  `migration` varchar(255) COLLATE utf8mb4_unicode_ci NOT NULL,
  `batch` int(11) NOT NULL,
  PRIMARY KEY (`id`)
) ENGINE=InnoDB AUTO_INCREMENT=6 DEFAULT CHARSET=utf8mb4 COLLATE=utf8mb4_unicode_ci;
/*!40101 SET character_set_client = @saved_cs_client */;

--
-- Dumping data for table `migrations`
--

LOCK TABLES `migrations` WRITE;
/*!40000 ALTER TABLE `migrations` DISABLE KEYS */;
INSERT INTO `migrations` VALUES (1,'2014_10_12_000000_create_users_table',1),(2,'2014_10_12_100000_create_password_resets_table',1),(3,'2019_08_19_000000_create_failed_jobs_table',1),(4,'2020_09_15_084959_create_products_table',1),(5,'2020_09_15_085241_create_reviews_table',1);
/*!40000 ALTER TABLE `migrations` ENABLE KEYS */;
UNLOCK TABLES;

--
-- Table structure for table `password_resets`
--

DROP TABLE IF EXISTS `password_resets`;
/*!40101 SET @saved_cs_client     = @@character_set_client */;
/*!40101 SET character_set_client = utf8 */;
CREATE TABLE `password_resets` (
  `email` varchar(255) COLLATE utf8mb4_unicode_ci NOT NULL,
  `token` varchar(255) COLLATE utf8mb4_unicode_ci NOT NULL,
  `created_at` timestamp NULL DEFAULT NULL,
  KEY `password_resets_email_index` (`email`)
) ENGINE=InnoDB DEFAULT CHARSET=utf8mb4 COLLATE=utf8mb4_unicode_ci;
/*!40101 SET character_set_client = @saved_cs_client */;

--
-- Dumping data for table `password_resets`
--

LOCK TABLES `password_resets` WRITE;
/*!40000 ALTER TABLE `password_resets` DISABLE KEYS */;
/*!40000 ALTER TABLE `password_resets` ENABLE KEYS */;
UNLOCK TABLES;

--
-- Table structure for table `products`
--

DROP TABLE IF EXISTS `products`;
/*!40101 SET @saved_cs_client     = @@character_set_client */;
/*!40101 SET character_set_client = utf8 */;
CREATE TABLE `products` (
  `id` int(10) unsigned NOT NULL AUTO_INCREMENT,
  `name` varchar(255) COLLATE utf8mb4_unicode_ci NOT NULL,
  `detail` text COLLATE utf8mb4_unicode_ci NOT NULL,
  `price` int(11) NOT NULL,
  `stock` int(11) NOT NULL,
  `discount` int(11) NOT NULL,
  `created_at` timestamp NULL DEFAULT NULL,
  `updated_at` timestamp NULL DEFAULT NULL,
  PRIMARY KEY (`id`)
) ENGINE=InnoDB AUTO_INCREMENT=101 DEFAULT CHARSET=utf8mb4 COLLATE=utf8mb4_unicode_ci;
/*!40101 SET character_set_client = @saved_cs_client */;

--
-- Dumping data for table `products`
--

LOCK TABLES `products` WRITE;
/*!40000 ALTER TABLE `products` DISABLE KEYS */;
INSERT INTO `products` VALUES (1,'vel','Quia explicabo expedita laboriosam aut placeat. Corporis voluptates sed quaerat est amet. Eveniet aut illum tenetur sed sunt.',411,1,2,'2020-09-15 12:14:50','2020-09-15 12:14:50'),(2,'tempora','Quae omnis omnis consequatur accusantium quia. Non voluptate doloribus qui omnis magni. Dolores nisi necessitatibus veritatis eveniet doloremque.',404,1,20,'2020-09-15 12:14:50','2020-09-15 12:14:50'),(3,'hic','Blanditiis accusantium et quibusdam sint consectetur. Quam est repudiandae et ea id eaque beatae distinctio. Quia id at voluptatem. Molestiae pariatur dicta eos placeat ipsam repellat.',811,3,3,'2020-09-15 12:14:50','2020-09-15 12:14:50'),(4,'et','Tempora minus necessitatibus cum est. Eos enim quibusdam vero architecto. Vel ex nulla ut dolore. Minima corrupti odio aut id assumenda rem. Quasi ut necessitatibus omnis molestiae molestias assumenda et.',209,7,6,'2020-09-15 12:14:50','2020-09-15 12:14:50'),(5,'expedita','Sed eius quia quod voluptatem aliquam non voluptate. Et aut est eum officiis.',547,7,9,'2020-09-15 12:14:50','2020-09-15 12:14:50'),(6,'dolor','Voluptas similique pariatur officiis veritatis placeat voluptate eaque. Officiis et unde ea.',323,0,24,'2020-09-15 12:14:50','2020-09-15 12:14:50'),(7,'consequuntur','Sit eaque ratione temporibus consequatur omnis rem. In asperiores alias hic est. Inventore inventore eum et nostrum qui fugit illum.',138,2,7,'2020-09-15 12:14:50','2020-09-15 12:14:50'),(8,'magni','Possimus ut fugit ut voluptatibus eos aut. Vitae blanditiis magnam occaecati est nobis incidunt nisi. Ipsa velit minima quisquam praesentium delectus aut velit. Qui officia omnis facilis eius culpa sequi dolorem ut. Cumque ducimus et minus deleniti.',950,2,21,'2020-09-15 12:14:50','2020-09-15 12:14:50'),(9,'natus','Qui veritatis debitis molestiae consequatur. Doloremque autem aut tenetur fuga sint vel. Doloremque animi quod eligendi mollitia error praesentium. Quia quia vel tempore non necessitatibus debitis. Consequatur occaecati odit qui odio quasi laboriosam maxime.',789,3,20,'2020-09-15 12:14:50','2020-09-15 12:14:50'),(10,'ut','Blanditiis enim vitae eius dolore. Minus officia aut et aliquam ex voluptatum hic rerum. Necessitatibus atque animi quae magni non laborum. Corporis suscipit iusto aut sint.',500,6,17,'2020-09-15 12:14:50','2020-09-15 12:14:50'),(11,'repudiandae','Et in quas magnam delectus. Mollitia id debitis sed vel sint quasi facere. Omnis nobis officia corporis ipsam inventore.',534,5,22,'2020-09-15 12:14:50','2020-09-15 12:14:50'),(12,'pariatur','Architecto impedit provident inventore deleniti sint voluptatum. Tempore eos quis vel corporis. Et asperiores totam assumenda iure. Odio minus aut nihil.',222,6,7,'2020-09-15 12:14:50','2020-09-15 12:14:50'),(13,'dolorem','Nostrum autem tempora et quasi magni. Ipsa laudantium praesentium aperiam distinctio quo. Et beatae illum quaerat illum non consequatur laudantium qui.',815,4,30,'2020-09-15 12:14:50','2020-09-15 12:14:50'),(14,'sapiente','Ab eum dolorem ratione voluptas. Eaque odio vitae sint neque molestiae. Doloribus dolorem harum qui ut.',842,6,11,'2020-09-15 12:14:50','2020-09-15 12:14:50'),(15,'at','Fugiat deleniti voluptas ut culpa qui est rerum ducimus. Quam quas quasi cupiditate excepturi voluptas aut pariatur nihil. Id omnis sed aut ipsam corrupti temporibus. Iste velit expedita natus earum.',337,8,29,'2020-09-15 12:14:50','2020-09-15 12:14:50'),(16,'explicabo','Repellat fuga amet ad quasi. Consectetur voluptas molestiae porro itaque omnis perspiciatis id error. Est voluptatem tempora quod omnis illum recusandae. Illo sed molestiae nemo autem esse impedit voluptas.',338,4,2,'2020-09-15 12:14:50','2020-09-15 12:14:50'),(17,'odio','Voluptates quia praesentium odio in fugit. Et quaerat deserunt possimus aliquid assumenda. Sequi sed et quibusdam quia aspernatur est nulla qui. Cumque maiores sed vel odio.',237,9,5,'2020-09-15 12:14:50','2020-09-15 12:14:50'),(18,'aut','Quo ut odio qui deserunt eligendi vel a. Et aut aut quo est. Ut aliquam et quo consequatur sapiente sint quae. Ut iusto veniam placeat neque expedita quia.',136,5,16,'2020-09-15 12:14:50','2020-09-15 12:14:50'),(19,'sequi','Placeat repellendus dolores necessitatibus ipsum. Qui provident dolores nihil vero itaque. Quia veritatis dolore saepe qui nemo. Nesciunt fugiat et dolor eos. Dolores corporis beatae cumque cum culpa.',624,2,30,'2020-09-15 12:14:50','2020-09-15 12:14:50'),(20,'voluptas','Ut molestiae voluptatem fugiat accusamus provident. Aspernatur sequi velit eum. Deleniti dolorum dolor ipsum amet. Reprehenderit ut sit numquam voluptatum maxime aspernatur.',883,0,10,'2020-09-15 12:14:50','2020-09-15 12:14:50'),(21,'optio','Quia earum molestiae qui modi. Saepe soluta et veritatis ut facilis unde. Accusantium ut necessitatibus beatae eius.',932,6,16,'2020-09-15 12:14:50','2020-09-15 12:14:50'),(22,'aut','Cum dolor voluptatem ratione error labore dolor. Provident corporis iusto est asperiores. Rerum natus odio voluptas soluta et veritatis ratione aut.',396,3,28,'2020-09-15 12:14:50','2020-09-15 12:14:50'),(23,'et','Dolorem suscipit cum aut sint. Vel molestiae et eius vel. Cupiditate id dignissimos et repudiandae rerum culpa.',828,6,26,'2020-09-15 12:14:50','2020-09-15 12:14:50'),(24,'optio','Tempora facilis et illo optio. Debitis sit nulla consequuntur alias aut maiores aut. Voluptatem dolores ex quis nihil aspernatur et sit. Maiores deleniti expedita dolorem tempore sit voluptatem explicabo cumque.',987,6,10,'2020-09-15 12:14:50','2020-09-15 12:14:50'),(25,'quam','Amet animi molestiae distinctio voluptate rerum aut. Aperiam et laudantium consequuntur nobis quia id commodi. Ipsum ut corrupti facere dicta. Nostrum ipsum deleniti assumenda minima consequatur.',451,4,13,'2020-09-15 12:14:50','2020-09-15 12:14:50'),(26,'ab','Voluptate earum repellendus inventore qui modi omnis. At reiciendis ipsam non incidunt sint. Sint voluptas doloremque officiis velit eum incidunt.',729,5,10,'2020-09-15 12:14:50','2020-09-15 12:14:50'),(27,'eius','Adipisci quo fuga asperiores. Quos reprehenderit veniam est voluptatem. Sequi modi et sed consectetur temporibus enim id ducimus.',549,2,6,'2020-09-15 12:14:50','2020-09-15 12:14:50'),(28,'occaecati','Recusandae a facilis qui. Sint amet nihil numquam. Eveniet quo soluta qui id.',657,8,25,'2020-09-15 12:14:50','2020-09-15 12:14:50'),(29,'aut','Sapiente molestiae aliquid nam. Ut minus tempore est culpa adipisci ipsam quis saepe. Veniam ut necessitatibus nobis quis iste voluptas. Consequatur velit beatae amet rerum accusamus laborum.',869,9,18,'2020-09-15 12:14:50','2020-09-15 12:14:50'),(30,'nam','Sed a illum sit velit aut. Et quaerat est et et dolorum doloribus. Numquam necessitatibus ut dolor aperiam. Consequatur quia consequuntur enim quisquam aliquam. Pariatur voluptate atque et corporis et.',179,4,4,'2020-09-15 12:14:50','2020-09-15 12:14:50'),(31,'sint','Fugiat id qui dolorem. In cumque temporibus ab soluta velit. Sunt consequatur illum sunt exercitationem illo.',264,8,6,'2020-09-15 12:14:50','2020-09-15 12:14:50'),(32,'laudantium','Cum est veniam quia ut adipisci asperiores perferendis. Pariatur exercitationem atque corrupti voluptatem cumque odio. Sequi voluptates consequatur aspernatur soluta eaque maiores.',913,0,20,'2020-09-15 12:14:50','2020-09-15 12:14:50'),(33,'ipsam','Unde natus et voluptate. Necessitatibus laudantium pariatur eius est. Fugiat in reiciendis et provident et dolorem.',280,8,13,'2020-09-15 12:14:50','2020-09-15 12:14:50'),(34,'repellendus','Repellendus quia temporibus est explicabo vel. Tempore vel vel assumenda iusto consequatur exercitationem voluptas soluta. Architecto saepe quo et nihil a consectetur. Aperiam ex qui commodi facere sequi adipisci.',574,5,13,'2020-09-15 12:14:50','2020-09-15 12:14:50'),(35,'fugit','Ducimus ipsum asperiores molestiae numquam sint ut aut soluta. Rerum consequuntur magni inventore. Illo fuga nam numquam quibusdam sequi.',266,4,27,'2020-09-15 12:14:50','2020-09-15 12:14:50'),(36,'dolorem','Vel sit quia excepturi voluptatem dolore. Aliquam quis repellat vel beatae vero. Quidem enim error unde et. Id ad provident voluptate. Est doloribus ad aut corporis quo non dolorem.',216,0,12,'2020-09-15 12:14:50','2020-09-15 12:14:50'),(37,'nemo','Cupiditate quas perferendis odit dicta consequatur omnis. Consequuntur eveniet quia quo quia. Blanditiis placeat fugit beatae asperiores.',176,9,5,'2020-09-15 12:14:50','2020-09-15 12:14:50'),(38,'repellat','Est sunt ut cupiditate nesciunt officiis nostrum velit. Animi ipsum quasi nostrum quidem sapiente consequuntur aperiam. Perferendis eos architecto corrupti.',292,1,15,'2020-09-15 12:14:50','2020-09-15 12:14:50'),(39,'assumenda','In dolorem qui laborum delectus dignissimos. Voluptatem eos expedita ducimus. Qui et facilis ullam voluptatum.',490,6,16,'2020-09-15 12:14:50','2020-09-15 12:14:50'),(40,'natus','Omnis non nemo nisi ut. Voluptas laborum architecto minima qui rerum. Nobis nemo qui sed quia maxime minima ad. Molestias aperiam repellat praesentium repudiandae maxime. Voluptatem sit rem et ex.',716,9,2,'2020-09-15 12:14:50','2020-09-15 12:14:50'),(41,'veritatis','Et expedita molestiae eligendi voluptas esse sit. Sit et in adipisci iusto. Vel ea animi aut.',180,0,13,'2020-09-15 12:14:50','2020-09-15 12:14:50'),(42,'fugiat','Quia magni qui quia voluptatem error dolor quos. Voluptas consequatur accusantium qui. Eum aut voluptatibus maiores consequuntur eveniet. Rerum facilis ut deleniti porro tenetur officiis quo.',812,6,11,'2020-09-15 12:14:50','2020-09-15 12:14:50'),(43,'dicta','A ratione ipsam accusantium quo accusantium in aut. Facilis officia occaecati quia qui neque necessitatibus fugit. Facere quis quis magni earum quos qui. Tempora fugiat et vero quaerat aut quo. Sint aperiam ut et magnam pariatur pariatur.',279,1,7,'2020-09-15 12:14:50','2020-09-15 12:14:50'),(44,'soluta','Unde accusamus labore veniam eveniet unde sed rerum. Est atque illo et error pariatur porro. Possimus perferendis et autem neque aut error et.',723,8,22,'2020-09-15 12:14:50','2020-09-15 12:14:50'),(45,'alias','Ut dolorem nostrum alias voluptatem iste. Sit sunt id voluptatum dolorem sunt minus facilis. Consectetur est eos rerum omnis.',147,7,14,'2020-09-15 12:14:50','2020-09-15 12:14:50'),(46,'assumenda','Enim et laboriosam aut est iusto labore. Corrupti hic rem asperiores rerum odit saepe aut ab. Mollitia libero soluta inventore recusandae.',476,4,7,'2020-09-15 12:14:50','2020-09-15 12:14:50'),(47,'consequatur','Vel repellat consequatur quia sunt vel qui perferendis. Libero repellendus sunt quia omnis sapiente. Modi cum voluptates accusantium ut et facere. Et cum nesciunt repudiandae omnis aperiam sed.',380,7,17,'2020-09-15 12:14:50','2020-09-15 12:14:50'),(48,'excepturi','Ex voluptas accusantium ea aliquam illo nesciunt reprehenderit accusamus. Reiciendis cumque reprehenderit labore ipsa. Commodi sit aut et nesciunt hic ut. Nobis voluptatibus quaerat neque fuga in sequi. Asperiores nisi eius esse qui.',923,7,19,'2020-09-15 12:14:50','2020-09-15 12:14:50'),(49,'animi','Aut non quaerat tempora aspernatur voluptates vitae. Soluta aspernatur sint consequatur ipsum fugiat voluptates repellendus. Blanditiis consequatur autem aut voluptatem qui at architecto in.',591,2,14,'2020-09-15 12:14:50','2020-09-15 12:14:50'),(50,'dolore','Sit eum modi praesentium facilis at magnam. Doloremque ratione occaecati eum illo eligendi nostrum fugiat. Temporibus qui tenetur omnis quibusdam.',278,1,21,'2020-09-15 12:14:50','2020-09-15 12:14:50'),(51,'porro','Et aut voluptatem est sit iste at. Non quo illo quidem a ut. Quibusdam et officia et sunt. Et fuga fugiat maiores veritatis impedit ratione.',776,9,2,'2020-09-15 12:20:22','2020-09-15 12:20:22'),(52,'cum','Voluptas voluptates omnis deleniti perferendis nesciunt sapiente. Qui pariatur omnis pariatur neque. Ipsa ducimus omnis similique consectetur consequatur. Eos sit assumenda et assumenda est.',471,7,9,'2020-09-15 12:20:22','2020-09-15 12:20:22'),(53,'ducimus','Vitae sed ipsa qui qui voluptas. Dolores est et magnam quidem architecto sed beatae quasi. Similique eius repellat optio.',142,9,14,'2020-09-15 12:20:22','2020-09-15 12:20:22'),(54,'repellat','Vitae doloremque fugiat qui maxime. Dolorem dolor hic consequatur sequi culpa qui. Rerum aut qui corrupti minima nulla dolores et dolorum.',884,8,11,'2020-09-15 12:20:22','2020-09-15 12:20:22'),(55,'qui','Iste harum delectus minus repudiandae nobis. Rerum cumque dolores veritatis nihil. Et doloremque quam sed sunt.',714,8,11,'2020-09-15 12:20:22','2020-09-15 12:20:22'),(56,'accusamus','Cupiditate dolorem unde eius tenetur eum. Facilis reiciendis illum enim in aperiam labore.',637,8,7,'2020-09-15 12:20:22','2020-09-15 12:20:22'),(57,'a','Aut aut quaerat unde eius. Nostrum iusto voluptatem quos. Voluptates ipsum ipsam natus aut vero animi quam. Maiores earum fugiat inventore nostrum labore quia voluptatem.',256,7,3,'2020-09-15 12:20:22','2020-09-15 12:20:22'),(58,'repellat','Et earum quidem eum ut et quas. Praesentium aut dignissimos eum. Dolores numquam id soluta quia itaque voluptates.',849,2,19,'2020-09-15 12:20:22','2020-09-15 12:20:22'),(59,'quia','Eligendi molestiae aliquam sit quasi sint omnis et. Blanditiis animi consequatur explicabo delectus est est dicta. Vitae et qui fugit corporis.',464,3,4,'2020-09-15 12:20:22','2020-09-15 12:20:22'),(60,'praesentium','Velit nesciunt et velit culpa expedita et. Consequatur voluptate eos ab ut commodi qui. Excepturi veniam omnis ullam.',122,2,17,'2020-09-15 12:20:22','2020-09-15 12:20:22'),(61,'facere','Rerum laudantium deserunt et sunt. Nobis possimus dolores est dolorum ut officia recusandae. Non quia aut delectus nobis libero nulla atque. Eius commodi sapiente aspernatur adipisci temporibus.',314,7,6,'2020-09-15 12:20:22','2020-09-15 12:20:22'),(62,'omnis','Qui aut ea molestias et ut. Nihil minima reprehenderit itaque sunt.',409,9,28,'2020-09-15 12:20:22','2020-09-15 12:20:22'),(63,'earum','Hic natus dolorem qui. Quas commodi quo ex sunt.',283,5,30,'2020-09-15 12:20:22','2020-09-15 12:20:22'),(64,'occaecati','Dicta optio consectetur saepe quae est aut consequatur. Quasi perspiciatis quae in quidem harum sit repellat. Aspernatur quo architecto est quis sapiente ipsam. Voluptatem nihil debitis suscipit id.',590,8,11,'2020-09-15 12:20:22','2020-09-15 12:20:22'),(65,'inventore','Eum quaerat nesciunt quas nemo error. Nemo rerum temporibus eum itaque excepturi. Aperiam neque ducimus minus voluptatem est expedita.',992,4,7,'2020-09-15 12:20:22','2020-09-15 12:20:22'),(66,'sit','Ut tempore earum suscipit quis. Corrupti dolorem ad tempore animi nesciunt quaerat minima. Consequuntur qui minima aut voluptas.',627,8,29,'2020-09-15 12:20:22','2020-09-15 12:20:22'),(67,'doloribus','Et rerum provident qui dolor optio eveniet. Minima nemo esse quae error.',305,5,13,'2020-09-15 12:20:22','2020-09-15 12:20:22'),(68,'eveniet','Consequatur cumque eaque deleniti sequi. Eveniet et quam magni.',574,2,19,'2020-09-15 12:20:22','2020-09-15 12:20:22'),(69,'dolorem','Dolorem dolorem inventore qui fugiat. Eaque quibusdam hic veritatis placeat. Quae architecto iste magni cupiditate. Facilis necessitatibus consequatur numquam esse.',452,9,3,'2020-09-15 12:20:22','2020-09-15 12:20:22'),(70,'placeat','Dolorem molestias voluptatem omnis sit blanditiis explicabo. Accusamus qui aliquam cumque et et possimus veritatis. Debitis iusto sed sunt omnis ipsum quo est.',953,8,10,'2020-09-15 12:20:22','2020-09-15 12:20:22'),(71,'quia','Est iusto omnis quas similique non quos ratione. Sed velit et qui accusamus. Debitis consequuntur similique doloribus aperiam veritatis. Facere facere et ut assumenda voluptas eaque.',212,0,14,'2020-09-15 12:20:22','2020-09-15 12:20:22'),(72,'numquam','Laboriosam deserunt corporis quisquam sapiente et vitae. Earum modi inventore dolor aut. Tempore voluptatibus et eum voluptas aspernatur perferendis molestias.',318,4,12,'2020-09-15 12:20:22','2020-09-15 12:20:22'),(73,'repellendus','Rem quibusdam ipsa rem assumenda sed aperiam. Illum molestias sint officia tenetur aut harum. Beatae quisquam amet deserunt rerum culpa dolores porro. Minus soluta minima velit qui qui explicabo sed.',790,5,17,'2020-09-15 12:20:22','2020-09-15 12:20:22'),(74,'illo','Quae est explicabo eum architecto porro ipsam dolore. Temporibus in sint provident ea cumque aut expedita. Vel similique aut non nemo sit beatae enim.',793,2,18,'2020-09-15 12:20:22','2020-09-15 12:20:22'),(75,'in','Et consequatur a praesentium asperiores qui. Delectus provident minus amet quas. Laborum sint omnis aut iusto voluptatem accusantium unde impedit. Repudiandae vero ex distinctio laborum fugiat vel. Necessitatibus qui et iste ut ab.',418,5,16,'2020-09-15 12:20:22','2020-09-15 12:20:22'),(76,'et','Impedit voluptatibus officiis et similique. Et non enim voluptatum earum. Temporibus laborum eveniet ex officiis repudiandae a. Aut vel recusandae totam at minima voluptatem dignissimos aut.',752,6,8,'2020-09-15 12:20:22','2020-09-15 12:20:22'),(77,'illum','Quia voluptatem tenetur doloribus sed et magni. Repellat quis facilis aut dolor. Repudiandae minima qui blanditiis quia.',844,9,22,'2020-09-15 12:20:22','2020-09-15 12:20:22'),(78,'reprehenderit','Magni at sed sequi. Sint repellat quaerat distinctio temporibus consequatur. Sint incidunt vitae molestias nostrum rerum.',333,9,10,'2020-09-15 12:20:22','2020-09-15 12:20:22'),(79,'aliquid','Minima quis commodi id. Consequatur omnis dolorem dignissimos. Unde architecto officiis necessitatibus aut adipisci. Libero praesentium odit ut vel ut architecto voluptatibus.',531,0,22,'2020-09-15 12:20:22','2020-09-15 12:20:22'),(80,'voluptatem','Autem in fugiat quam numquam facere. Ut necessitatibus earum dolor facere. Hic tempora nemo et ducimus. Sed hic consequatur accusantium officia tenetur.',869,9,10,'2020-09-15 12:20:22','2020-09-15 12:20:22'),(81,'nihil','In voluptatum nam placeat reprehenderit. Magni pariatur qui consectetur. Ut et sed vitae autem culpa. Nostrum vitae corporis molestiae ut. Recusandae vero consectetur illo sit quas exercitationem totam id.',133,1,24,'2020-09-15 12:20:22','2020-09-15 12:20:22'),(82,'perferendis','Molestias ducimus ratione eum explicabo quos. Praesentium sequi est exercitationem laboriosam a cum. Deleniti culpa sint iste ut deleniti et iste. Sit illum distinctio reiciendis rerum.',886,5,3,'2020-09-15 12:20:22','2020-09-15 12:20:22'),(83,'voluptatibus','Doloribus quia ut ab velit eos. Facere illum minus possimus. Perferendis explicabo aut sequi amet. Quasi occaecati ad autem non. Culpa voluptatem in voluptatem qui porro.',673,6,4,'2020-09-15 12:20:22','2020-09-15 12:20:22'),(84,'deserunt','Cum magnam in odio rerum repudiandae. Id incidunt iure sed quis quia. Reiciendis distinctio iure qui delectus quia provident necessitatibus quo.',942,6,22,'2020-09-15 12:20:22','2020-09-15 12:20:22'),(85,'commodi','Fuga error officia necessitatibus sed id. Sequi tempora repudiandae culpa ut ullam. Id veritatis cupiditate molestiae expedita quis iusto ut. Ea est modi eum incidunt at autem.',250,3,7,'2020-09-15 12:20:22','2020-09-15 12:20:22'),(86,'quasi','Rerum repudiandae officiis voluptas ut maiores aliquam. Fugit perferendis at corporis. Totam iusto sed est consequatur molestias. Laboriosam inventore nulla temporibus voluptas ipsam.',725,8,12,'2020-09-15 12:20:22','2020-09-15 12:20:22'),(87,'deserunt','Sunt voluptates vel aliquam eligendi maxime rerum nostrum sint. Voluptas consequuntur assumenda ad aut laborum. Dolores nam blanditiis sit voluptatem praesentium magni esse.',777,6,13,'2020-09-15 12:20:22','2020-09-15 12:20:22'),(88,'odio','Veniam aspernatur pariatur ut atque. Accusamus est veritatis consequatur quas provident in nostrum. Quod suscipit ipsum rerum asperiores autem. Quibusdam sint quidem et dolorum accusantium.',391,2,11,'2020-09-15 12:20:22','2020-09-15 12:20:22'),(89,'eveniet','Consequatur fugit quibusdam quod aut sint aut molestias. Illum aliquid quo consequuntur qui velit ea. Dolores quidem et possimus non.',926,8,29,'2020-09-15 12:20:22','2020-09-15 12:20:22'),(90,'deleniti','Voluptates temporibus a recusandae commodi saepe. Quo dolores est dolores beatae voluptatibus asperiores consequatur.',440,0,10,'2020-09-15 12:20:22','2020-09-15 12:20:22'),(91,'voluptates','Corrupti asperiores quod magni accusamus iure tempore. Fugiat architecto iure nam distinctio. Sunt vel quia debitis voluptas cumque et culpa.',1000,9,18,'2020-09-15 12:20:22','2020-09-15 12:20:22'),(92,'sit','Maxime itaque cupiditate et aspernatur tempore alias. Sed mollitia sequi facilis qui. Sit vero quae voluptate iusto esse eum. Et rerum qui aspernatur earum.',983,4,2,'2020-09-15 12:20:22','2020-09-15 12:20:22'),(93,'architecto','Ea provident nulla deserunt et. Architecto exercitationem ut quaerat soluta iusto. In quos nemo cum quasi suscipit esse quis.',608,2,26,'2020-09-15 12:20:22','2020-09-15 12:20:22'),(94,'dolor','Ut dolor odio repellendus aliquid quaerat. Sed vero at voluptas reiciendis sed consequuntur enim. Officia est vel pariatur dolorem at quas.',409,8,9,'2020-09-15 12:20:22','2020-09-15 12:20:22'),(95,'possimus','Quia ipsum consequatur ut perferendis et est ex. Omnis voluptate repellendus commodi pariatur. Qui id voluptas corporis aliquid.',123,1,30,'2020-09-15 12:20:22','2020-09-15 12:20:22'),(96,'dolore','Non velit suscipit voluptatum. Et eaque nobis est tenetur voluptatum qui ex rerum. Illo atque consequatur et ullam aut expedita. Mollitia asperiores laboriosam non sunt sit ut.',935,3,13,'2020-09-15 12:20:22','2020-09-15 12:20:22'),(97,'sunt','Minima cum aut aut est. Eum voluptatem rem distinctio molestias est sunt. Error et et provident molestias.',280,0,24,'2020-09-15 12:20:22','2020-09-15 12:20:22'),(98,'culpa','Ut error perspiciatis nam ullam cupiditate. Voluptate nulla harum rem doloribus necessitatibus accusamus voluptatem. Inventore nulla enim qui et est maxime beatae.',384,1,13,'2020-09-15 12:20:22','2020-09-15 12:20:22'),(99,'corporis','Delectus qui id necessitatibus repellat aut ducimus ut. Est vel est sit nostrum. Voluptatibus perspiciatis molestiae quod omnis quia. Optio in quis voluptas provident quas asperiores.',627,9,18,'2020-09-15 12:20:22','2020-09-15 12:20:22'),(100,'eum','Voluptas saepe itaque beatae accusantium. Molestias ab dolorum magni autem provident eaque est laborum. Ex quaerat iste error debitis illo sint porro.',283,7,16,'2020-09-15 12:20:22','2020-09-15 12:20:22');
/*!40000 ALTER TABLE `products` ENABLE KEYS */;
UNLOCK TABLES;

--
-- Table structure for table `reviews`
--

DROP TABLE IF EXISTS `reviews`;
/*!40101 SET @saved_cs_client     = @@character_set_client */;
/*!40101 SET character_set_client = utf8 */;
CREATE TABLE `reviews` (
  `id` int(10) unsigned NOT NULL AUTO_INCREMENT,
  `product_id` int(10) unsigned NOT NULL,
  `customer` varchar(255) COLLATE utf8mb4_unicode_ci NOT NULL,
  `review` text COLLATE utf8mb4_unicode_ci NOT NULL,
  `star` int(11) NOT NULL,
  `created_at` timestamp NULL DEFAULT NULL,
  `updated_at` timestamp NULL DEFAULT NULL,
  PRIMARY KEY (`id`),
  KEY `reviews_product_id_index` (`product_id`),
  CONSTRAINT `reviews_product_id_foreign` FOREIGN KEY (`product_id`) REFERENCES `products` (`id`) ON DELETE CASCADE
) ENGINE=InnoDB AUTO_INCREMENT=301 DEFAULT CHARSET=utf8mb4 COLLATE=utf8mb4_unicode_ci;
/*!40101 SET character_set_client = @saved_cs_client */;

--
-- Dumping data for table `reviews`
--

LOCK TABLES `reviews` WRITE;
/*!40000 ALTER TABLE `reviews` DISABLE KEYS */;
INSERT INTO `reviews` VALUES (1,54,'Dominic Williamson','Architecto sit provident et harum. Non minus facilis et ea aut sunt reiciendis.',5,'2020-09-15 12:20:23','2020-09-15 12:20:23'),(2,8,'Mr. Coty Ledner II','Qui est minus sint dignissimos tempora est nihil. Veniam temporibus dolores perferendis et est.',3,'2020-09-15 12:20:23','2020-09-15 12:20:23'),(3,96,'Rosalind Leuschke','Natus quisquam quis optio corporis ut aperiam. Rerum ullam nihil pariatur laboriosam. Similique et qui facilis vel id. Odio expedita non sint et vitae vero.',4,'2020-09-15 12:20:23','2020-09-15 12:20:23'),(4,74,'Dr. Roderick Boehm','Incidunt unde blanditiis eos deserunt. Id aliquid libero qui. Aut reprehenderit nisi rerum beatae unde. Consequuntur recusandae nobis sed voluptas excepturi et saepe. Consequatur rerum harum corrupti enim incidunt voluptatibus hic.',2,'2020-09-15 12:20:23','2020-09-15 12:20:23'),(5,91,'Prof. Howell Herman MD','Vel sapiente repellendus deserunt voluptas. Ut nostrum nemo occaecati in facere dolor.',2,'2020-09-15 12:20:23','2020-09-15 12:20:23'),(6,36,'Selena Schmidt','Et ut qui qui dolore id minus ullam. Quam ex maiores beatae unde dolores. Modi et eos quia ea. Ea quia id aliquid similique. Molestiae dolorem ad aut optio molestiae aliquid voluptate.',3,'2020-09-15 12:20:23','2020-09-15 12:20:23'),(7,44,'Dena Murray','Laborum rem aperiam error amet. Maxime deserunt qui modi iure cum quasi quia. Non vero aut quo aliquid voluptas tempore non.',3,'2020-09-15 12:20:23','2020-09-15 12:20:23'),(8,37,'Jett Schuster','Ratione qui consequuntur et aliquid. Unde cumque consectetur ut id quo quam alias. Et nostrum est laboriosam minus a eligendi.',5,'2020-09-15 12:20:23','2020-09-15 12:20:23'),(9,57,'Prof. Ron King','Suscipit occaecati ad aliquid velit explicabo. Ut et consequuntur vel velit nisi enim qui. Et sint odit ut est omnis dolorum dolores. Quos ea quis quaerat sunt quam molestias nemo laborum.',2,'2020-09-15 12:20:23','2020-09-15 12:20:23'),(10,87,'Tiffany Christiansen','Totam sapiente corrupti aut nihil harum. Quisquam rerum culpa aut culpa dolor officiis consequatur. Dolores occaecati magnam autem voluptatum harum eligendi. Fugiat quos ut provident qui veniam.',3,'2020-09-15 12:20:23','2020-09-15 12:20:23'),(11,93,'Dr. Nola Strosin','Corporis illum maxime ad aut. Aut distinctio molestias maiores optio. Ea maiores repellat dolorem odio corrupti. Et eum et dolorem voluptatem corporis unde.',1,'2020-09-15 12:20:23','2020-09-15 12:20:23'),(12,27,'Melyssa Mills','Et facilis quis est aperiam consequatur quidem. Voluptas repellat quasi aperiam ipsa dolores quae. Omnis et modi voluptas molestiae ex temporibus. Earum est qui at rem.',4,'2020-09-15 12:20:23','2020-09-15 12:20:23'),(13,67,'Chester Ankunding','Placeat dicta ad sunt sint. Assumenda soluta non dolorem assumenda distinctio. Ipsum labore ipsam nemo consequatur consequatur qui temporibus.',3,'2020-09-15 12:20:23','2020-09-15 12:20:23'),(14,15,'D\'angelo Green','Temporibus dolores et velit et aperiam sed. Dolorem consequatur aut nisi labore. Sint minima non enim.',0,'2020-09-15 12:20:23','2020-09-15 12:20:23'),(15,22,'Prof. Davon Zemlak I','Iure sed reprehenderit enim ut eligendi voluptatem rerum non. Tempora ut aut voluptas omnis libero. Nobis recusandae doloribus magnam autem laudantium itaque est. Voluptate iure a qui asperiores qui minima praesentium.',0,'2020-09-15 12:20:23','2020-09-15 12:20:23'),(16,13,'Prof. Abbigail Harvey II','Id ab et et nostrum consequuntur. Aut ut optio sed asperiores. Porro vel ab odio eaque hic.',5,'2020-09-15 12:20:23','2020-09-15 12:20:23'),(17,98,'Clemens Spinka','Architecto consequatur vel natus cumque. Sed illo et possimus ea maiores. Odit voluptatem facilis omnis corporis dolores in.',5,'2020-09-15 12:20:23','2020-09-15 12:20:23'),(18,65,'Chloe Schiller','Debitis sed accusamus in perferendis sed vitae. Beatae nemo autem et veritatis. Necessitatibus praesentium labore sint molestiae ut.',4,'2020-09-15 12:20:23','2020-09-15 12:20:23'),(19,27,'Ms. Oceane Bogan','Sit omnis tenetur ullam consequuntur magnam. Voluptas libero dolor molestiae ut ducimus. Et minima aperiam vero cumque architecto. Velit laborum dolores enim provident amet.',1,'2020-09-15 12:20:23','2020-09-15 12:20:23'),(20,48,'Shanelle Johnston','Totam doloribus et eum velit voluptatem est recusandae. Dolorum dicta et corporis blanditiis culpa magni odio. Quaerat veritatis inventore asperiores nam. Ipsa esse quod et eius. Dolores dolores non blanditiis itaque neque veritatis.',5,'2020-09-15 12:20:23','2020-09-15 12:20:23'),(21,17,'Dr. Neha Zieme V','Amet reprehenderit odio est. Omnis ut est velit qui. Laborum quidem sapiente quae ducimus quis nam.',2,'2020-09-15 12:20:23','2020-09-15 12:20:23'),(22,37,'Norene Quitzon','Minus voluptates ut necessitatibus. Eveniet qui esse praesentium incidunt hic.',3,'2020-09-15 12:20:23','2020-09-15 12:20:23'),(23,74,'Prof. Horace Stroman','Culpa velit ad impedit dignissimos voluptas. Facilis neque quibusdam non omnis dolor. Recusandae qui necessitatibus mollitia aut veniam veritatis. Harum magnam qui amet omnis veritatis accusamus rerum cupiditate.',2,'2020-09-15 12:20:23','2020-09-15 12:20:23'),(24,72,'Syble Skiles','Et deserunt sunt et quo unde eum. Tempora ut dolor labore quia aut ad non. Est est nisi voluptatem explicabo dicta fuga ex. Maiores aut ipsam repudiandae corrupti.',0,'2020-09-15 12:20:23','2020-09-15 12:20:23'),(25,62,'Prof. Burley Price DVM','Sed non sit recusandae iusto sed veniam voluptas repellendus. Laboriosam blanditiis atque quibusdam numquam. Dicta incidunt non facere fugit sint dolor sapiente quasi. Ipsa distinctio non in. Qui aut et ut est aut nemo autem.',2,'2020-09-15 12:20:23','2020-09-15 12:20:23'),(26,61,'Scarlett Langworth PhD','Nihil earum animi et ab. Suscipit natus facere blanditiis aliquid sint distinctio quibusdam. Id eveniet quasi sint id velit nostrum natus. A qui dolor delectus aliquid. Maxime tenetur possimus asperiores placeat delectus tempore enim.',5,'2020-09-15 12:20:23','2020-09-15 12:20:23'),(27,95,'Josianne Moen','Non id numquam ea sint porro non fugiat. Iusto illo hic maxime qui rerum placeat sed. Illo deserunt deleniti qui aut rem excepturi.',1,'2020-09-15 12:20:23','2020-09-15 12:20:23'),(28,45,'Maximilian Hansen','Aspernatur sit nemo quia quia labore veritatis doloribus. Deleniti dolor dolores autem est odit quia. Ducimus officia in facere. Enim accusantium esse ut perspiciatis consequatur velit.',5,'2020-09-15 12:20:23','2020-09-15 12:20:23'),(29,38,'Idell Rohan','Et pariatur sunt vitae sed. Voluptatum architecto atque et provident. Ut dolores illo explicabo voluptas autem corporis sed omnis.',1,'2020-09-15 12:20:23','2020-09-15 12:20:23'),(30,17,'Lane Lockman','Nihil sint quisquam corrupti eos nemo. Qui voluptatem voluptas quia voluptatem. Assumenda sapiente quia ipsa officia. Minus et in laborum eum id nobis recusandae.',3,'2020-09-15 12:20:23','2020-09-15 12:20:23'),(31,41,'Mr. Gustave D\'Amore','Labore illum dolorem voluptates est ullam. Aliquid cum velit eaque debitis et eos omnis. Possimus beatae qui voluptatem deleniti.',1,'2020-09-15 12:20:23','2020-09-15 12:20:23'),(32,52,'Frederik Koepp','Consequatur veniam expedita nemo doloremque beatae. Eos et nesciunt sit est aut quaerat. Qui aut id quia incidunt rem nulla. Omnis impedit incidunt dolorem sunt.',2,'2020-09-15 12:20:23','2020-09-15 12:20:23'),(33,37,'Mark Haley','Nulla impedit unde ipsa beatae. Dolor rerum voluptatibus fugit aliquam. Modi voluptatem nesciunt est placeat eum. Et sunt provident quidem iusto ut corporis.',2,'2020-09-15 12:20:23','2020-09-15 12:20:23'),(34,23,'Ernestine O\'Hara PhD','Atque ratione reiciendis praesentium dolores officia sunt commodi possimus. Asperiores occaecati aut porro ut consequatur. Praesentium impedit magnam laborum deleniti. Sed nisi et neque.',4,'2020-09-15 12:20:23','2020-09-15 12:20:23'),(35,54,'Miles Hickle','Sit saepe nostrum corrupti et commodi nihil. Et quam nemo voluptatem quo ut. Tempora ullam accusamus minima itaque rerum.',2,'2020-09-15 12:20:23','2020-09-15 12:20:23'),(36,95,'Aubree Ebert','Voluptates nulla nihil soluta beatae. Reiciendis sit voluptatem fugit rerum et. Facere numquam quia nihil.',0,'2020-09-15 12:20:23','2020-09-15 12:20:23'),(37,70,'Marianne Gleichner DDS','Minus est et earum accusamus sapiente fugit. Quis ipsum molestiae maiores autem. Dignissimos deserunt nobis aut modi et.',1,'2020-09-15 12:20:23','2020-09-15 12:20:23'),(38,9,'Heaven Weissnat','Mollitia vitae repellendus similique. Nihil eum et aspernatur id optio itaque. Culpa rerum voluptatem qui eligendi architecto similique tempore.',0,'2020-09-15 12:20:23','2020-09-15 12:20:23'),(39,53,'Fatima O\'Keefe','Maiores tenetur praesentium exercitationem nihil facere odio. Impedit maiores maiores est. Enim libero aut modi labore officiis. Ut qui corrupti maxime consequatur sit est non. Nulla ullam eos voluptates non.',0,'2020-09-15 12:20:23','2020-09-15 12:20:23'),(40,56,'Elinor Roberts','Accusamus numquam aut eaque ea necessitatibus qui. Dolores harum laborum sed rerum. Et rerum qui repellendus voluptatibus consequuntur. Illo eos repudiandae reprehenderit nobis ducimus accusamus impedit.',5,'2020-09-15 12:20:23','2020-09-15 12:20:23'),(41,89,'Anika Crooks','Assumenda enim molestiae natus quae veniam sunt. Corrupti magni dicta et tempore error. Omnis quia voluptate quasi exercitationem fuga dolore. Tenetur voluptatem qui neque ipsa necessitatibus voluptatem.',5,'2020-09-15 12:20:23','2020-09-15 12:20:23'),(42,12,'Mr. Edison Predovic Jr.','Dolorem alias nostrum quos esse sed illo eaque adipisci. Id autem architecto blanditiis nobis et. Voluptates sunt porro error qui eveniet.',3,'2020-09-15 12:20:23','2020-09-15 12:20:23'),(43,30,'Marjorie Ankunding','Et quas aperiam id id nisi consequatur quis modi. Fuga rem non itaque nihil. Amet beatae sit iusto minus totam qui numquam.',3,'2020-09-15 12:20:23','2020-09-15 12:20:23'),(44,16,'Laney Larson','Impedit quia qui eligendi molestiae. Iure tempore qui eum illum. Est est eum molestiae molestias. Et blanditiis recusandae aliquam vero aut tempora ut.',3,'2020-09-15 12:20:23','2020-09-15 12:20:23'),(45,16,'Lenna Bahringer Jr.','Modi est similique animi tenetur. Aut amet pariatur assumenda labore assumenda et error. Repellat qui esse totam asperiores.',3,'2020-09-15 12:20:23','2020-09-15 12:20:23'),(46,84,'Miss Golda Huel V','Id qui ea ipsum dignissimos error ut modi. Incidunt quis et quia id magni. Consequuntur ab dolore odit dicta facere.',2,'2020-09-15 12:20:23','2020-09-15 12:20:23'),(47,74,'Abbigail Deckow MD','Ea odit rem velit saepe aut sed. Ut voluptate sequi eos necessitatibus quo optio facilis. Eos sed enim dolor occaecati quia nam.',1,'2020-09-15 12:20:23','2020-09-15 12:20:23'),(48,87,'Glenna Beahan','Mollitia et dolor accusamus consequatur. Quo quia rerum eveniet ullam a. Tempora nihil ut optio omnis et non aliquid.',1,'2020-09-15 12:20:23','2020-09-15 12:20:23'),(49,98,'Gloria Dietrich II','Velit omnis ipsam praesentium mollitia et. Libero quae et iusto recusandae voluptatibus. Fugiat quibusdam voluptas hic ex autem. Iste nemo eos reiciendis possimus sunt similique quaerat.',2,'2020-09-15 12:20:23','2020-09-15 12:20:23'),(50,42,'Crystal Harris','Dolore asperiores voluptatem est ea labore sed excepturi. Est sint alias ut qui placeat ut. Cumque repellat voluptas commodi et tempora saepe dolorem deserunt. Officia quibusdam ut cupiditate rerum accusantium ducimus omnis odio.',4,'2020-09-15 12:20:23','2020-09-15 12:20:23'),(51,75,'Orie Carter','Aut est qui unde fugiat amet. Omnis error consequuntur maxime sed nobis inventore. Facilis itaque tenetur id qui explicabo. Ut fugiat esse eligendi.',1,'2020-09-15 12:20:23','2020-09-15 12:20:23'),(52,74,'Emelie Abernathy','Consectetur quis ut facilis quis. Soluta eligendi accusantium at impedit a. Voluptas at est facere amet et voluptate accusamus.',0,'2020-09-15 12:20:23','2020-09-15 12:20:23'),(53,3,'Prof. Eddie King PhD','Dolore debitis aut optio iure optio quis vel. Nihil eos eius recusandae est. Neque enim accusantium velit ipsa ut. Sit et alias velit possimus tempora unde eaque enim.',4,'2020-09-15 12:20:23','2020-09-15 12:20:23'),(54,4,'Ms. Samanta Kshlerin MD','Quo et corrupti iure. Optio repellat est consequatur magni. Ut ut corporis laudantium animi voluptatem omnis. Distinctio facilis nam nam.',5,'2020-09-15 12:20:23','2020-09-15 12:20:23'),(55,57,'Stan Bashirian','Officiis dolor fuga ea sunt fugiat minus. Quia quae sint id ut quas officia aut. Autem commodi facere sit.',3,'2020-09-15 12:20:23','2020-09-15 12:20:23'),(56,30,'Fannie Kling','Qui ullam dicta earum unde. Doloribus accusamus ipsam aut autem et fuga. Quae culpa illo accusantium. Et consequatur sapiente quis omnis autem.',3,'2020-09-15 12:20:23','2020-09-15 12:20:23'),(57,27,'Marilyne Gerhold','Omnis quibusdam totam voluptas sunt soluta. Voluptatem cumque reiciendis rem qui. Architecto id molestiae voluptas voluptate nesciunt quia rerum non. Vitae accusantium nobis quae omnis.',4,'2020-09-15 12:20:23','2020-09-15 12:20:23'),(58,88,'Ms. Nelle O\'Connell PhD','Nihil eum nesciunt qui deleniti est dolorem voluptatum. Voluptatem et eius voluptatum labore quia. Enim quis nulla iusto aut et ullam autem. Aut minus numquam neque nesciunt.',5,'2020-09-15 12:20:23','2020-09-15 12:20:23'),(59,61,'Maximillia Bartell','Minus earum nesciunt eos tempore a veritatis ex. Necessitatibus quo rerum iusto minima eaque vel.',1,'2020-09-15 12:20:23','2020-09-15 12:20:23'),(60,89,'Buddy Rippin','Tempora soluta nihil est. Animi voluptas est corporis et doloribus accusamus. Modi distinctio voluptatem voluptatem perferendis tempore corporis. Et est dolore ut qui.',0,'2020-09-15 12:20:23','2020-09-15 12:20:23'),(61,34,'Dr. Linnie Bogan','Amet natus qui quasi esse possimus. Velit ea sed sit. Dolorem est non dolores qui quaerat necessitatibus dolores veniam. Dolorem dolore sed ex deleniti non qui deserunt saepe.',1,'2020-09-15 12:20:23','2020-09-15 12:20:23'),(62,44,'Dr. Pearl Abernathy I','Laudantium enim ut nulla et. Excepturi molestiae corrupti repudiandae enim. Harum quia voluptatibus est officiis. Qui quo eos fugit et.',5,'2020-09-15 12:20:23','2020-09-15 12:20:23'),(63,10,'Lamont Lynch','Quis consectetur minus sit iste et delectus. Beatae quo facere laborum quod aliquam. Ex provident at beatae tenetur. Assumenda ducimus animi quo ratione rerum voluptates non est.',2,'2020-09-15 12:20:23','2020-09-15 12:20:23'),(64,14,'Anibal Grant','Numquam cupiditate magni quia quo dolorem culpa beatae. Iste quo magni neque esse ut ut. Sunt est voluptatem velit porro velit et.',4,'2020-09-15 12:20:23','2020-09-15 12:20:23'),(65,23,'Blake Block Sr.','Voluptas impedit non necessitatibus sed. Qui ratione qui a ea. Ad sed autem quaerat consequatur et neque maxime.',3,'2020-09-15 12:20:23','2020-09-15 12:20:23'),(66,21,'Mrs. Marjolaine Kiehn','Ad dolorum voluptate laboriosam et quis praesentium expedita unde. Facere ut fuga quo iste numquam ut vero.',4,'2020-09-15 12:20:23','2020-09-15 12:20:23'),(67,43,'Otha Kerluke MD','At provident hic velit. Quis officia enim illum expedita voluptatem.',2,'2020-09-15 12:20:23','2020-09-15 12:20:23'),(68,77,'Dr. Reese Kemmer V','Eaque minus sunt cupiditate accusamus omnis adipisci est. Doloribus numquam aspernatur saepe placeat rem. Omnis harum quod sunt porro dolorem id.',1,'2020-09-15 12:20:23','2020-09-15 12:20:23'),(69,77,'Prof. Marjolaine Halvorson','Qui et qui molestiae dignissimos sapiente incidunt aperiam pariatur. Quam quod qui dolorem qui sint dolor. Nostrum impedit neque reiciendis voluptas sint temporibus nostrum nam. Sapiente consectetur est vel aut exercitationem est.',5,'2020-09-15 12:20:23','2020-09-15 12:20:23'),(70,17,'John Dickens','Consequatur natus quae quasi dolores tempore qui voluptas. Aut voluptatum eos eum temporibus. Cum natus itaque hic id laudantium.',0,'2020-09-15 12:20:23','2020-09-15 12:20:23'),(71,18,'Birdie Thiel III','Nesciunt soluta nemo nemo nobis. Fuga velit totam doloribus expedita ipsam qui. Ut qui enim vitae nulla.',0,'2020-09-15 12:20:23','2020-09-15 12:20:23'),(72,2,'Dayana Yost','Ea neque sed veniam. Sed dignissimos veritatis consequatur magni a placeat error. Fuga quia dignissimos amet sit accusantium velit quae.',3,'2020-09-15 12:20:23','2020-09-15 12:20:23'),(73,21,'Dr. Furman Abshire','Dicta consequatur labore minus. Quia a et cum iure. Quia aut animi non sunt cum adipisci.',0,'2020-09-15 12:20:23','2020-09-15 12:20:23'),(74,45,'Dawson Towne','Molestiae harum qui perferendis aut eveniet rerum. Possimus autem alias incidunt ut vel asperiores. Molestiae rem error qui modi dolores nihil dolorem.',1,'2020-09-15 12:20:23','2020-09-15 12:20:23'),(75,9,'Prof. Camille Morissette','Iusto velit porro nesciunt qui necessitatibus minus sit. Omnis laborum labore quam cupiditate nihil. Cumque autem labore eaque nam quo consequatur commodi.',3,'2020-09-15 12:20:23','2020-09-15 12:20:23'),(76,27,'Lane Bernier','Corrupti rerum id iste ut quae. Dolorem quo vel consectetur rerum facere. Incidunt deserunt aut et voluptate sit praesentium assumenda unde.',4,'2020-09-15 12:20:23','2020-09-15 12:20:23'),(77,87,'Janice Berge','Nostrum dolores nostrum unde numquam. Accusantium ducimus aut incidunt. Numquam eligendi et repellat dolores.',1,'2020-09-15 12:20:23','2020-09-15 12:20:23'),(78,67,'Ted Hodkiewicz','Voluptas sed magni voluptates ipsa est. Aut aperiam eum qui inventore. Cum doloribus dolorum voluptas et natus.',0,'2020-09-15 12:20:23','2020-09-15 12:20:23'),(79,11,'Michale Champlin','Quos est omnis aut minus quis. Omnis velit sapiente incidunt fugit. Corrupti sint quos qui ipsum ratione ut ad tempore. Magni aliquid qui saepe blanditiis et cumque quidem.',4,'2020-09-15 12:20:23','2020-09-15 12:20:23'),(80,8,'Miss Dominique Koss','Incidunt eaque earum totam assumenda sint. Impedit exercitationem fugit quia quasi occaecati. Laborum est maiores nesciunt et commodi. Nam natus modi animi.',1,'2020-09-15 12:20:23','2020-09-15 12:20:23'),(81,8,'Cydney Nikolaus','Veritatis provident consectetur repellendus. Ad vel exercitationem ut eius rem. Et labore nesciunt dolorum qui.',0,'2020-09-15 12:20:23','2020-09-15 12:20:23'),(82,34,'Maxwell Osinski','Cupiditate ipsam distinctio officia autem. In eum dolor minus ipsum eius et velit. Vero eaque et itaque et animi. Quo earum corrupti consequatur aliquam aut officia.',5,'2020-09-15 12:20:23','2020-09-15 12:20:23'),(83,90,'Elsie Hammes','Laboriosam neque velit corrupti sapiente quia quia. Maiores non et laudantium magni autem reiciendis culpa fugit. Soluta veritatis harum vero saepe officia repellat aspernatur.',1,'2020-09-15 12:20:23','2020-09-15 12:20:23'),(84,32,'Mekhi Rohan','Accusamus provident non tempora ut ut. Maxime blanditiis sit error voluptas non tempore omnis. Error qui saepe itaque dicta quia. Inventore et et et aliquid odio quia.',1,'2020-09-15 12:20:23','2020-09-15 12:20:23'),(85,1,'Jaydon Halvorson PhD','Numquam quisquam necessitatibus et accusamus numquam dolores. Facilis sequi delectus voluptatem quam aliquid.',1,'2020-09-15 12:20:23','2020-09-15 12:20:23'),(86,42,'Dr. Andrew Turcotte','Cumque doloribus officia qui aut. Ut nihil commodi non magni. Perferendis facilis blanditiis numquam amet.',5,'2020-09-15 12:20:23','2020-09-15 12:20:23'),(87,8,'Rachel Breitenberg','Voluptates rem quia ut. Unde unde ut inventore sequi. Omnis quo quibusdam quia et dolor soluta.',1,'2020-09-15 12:20:23','2020-09-15 12:20:23'),(88,29,'Mr. Johan Rutherford DDS','Nemo voluptate dolorum unde omnis. Ipsum occaecati corporis quidem ut recusandae ut. Est quia placeat et quae nesciunt. Fuga suscipit amet mollitia aliquam modi eligendi non.',4,'2020-09-15 12:20:23','2020-09-15 12:20:23'),(89,76,'Chad Rau','Quis consectetur quia et quas. Officiis voluptate sit labore officia iure illum.',3,'2020-09-15 12:20:23','2020-09-15 12:20:23'),(90,6,'Gwen Botsford','Dolore optio veniam soluta vel est ipsum. Maxime qui porro quis veniam maxime et non. Consequatur non doloribus totam neque est. Debitis rem quibusdam et omnis.',3,'2020-09-15 12:20:23','2020-09-15 12:20:23'),(91,78,'Frederik Dietrich','Natus illum atque rerum quis dolore. Aliquam autem exercitationem sint. Neque autem molestiae odit et sed nihil perspiciatis.',3,'2020-09-15 12:20:23','2020-09-15 12:20:23'),(92,68,'Lenora Davis','Est aut assumenda rerum rerum. Rem quasi corporis culpa dolor. Quo ut odio animi omnis. Placeat deserunt exercitationem sunt sint.',1,'2020-09-15 12:20:23','2020-09-15 12:20:23'),(93,22,'Jackson McClure','Non libero et temporibus. Tempora laboriosam corporis qui.',1,'2020-09-15 12:20:23','2020-09-15 12:20:23'),(94,85,'Eldred Zboncak','Dolore soluta sit recusandae. Corporis aut debitis eius illo. Laboriosam accusantium error placeat consectetur perspiciatis blanditiis. Nesciunt et ullam est cum corporis impedit molestiae voluptatem.',0,'2020-09-15 12:20:23','2020-09-15 12:20:23'),(95,95,'Irwin Hauck','Consequatur accusantium at eos voluptas facere. Illo est ut porro et molestias. Voluptatem rerum modi reprehenderit quidem voluptatum eaque rerum.',5,'2020-09-15 12:20:23','2020-09-15 12:20:23'),(96,21,'Elody Christiansen','Velit ad deserunt neque officia. Perferendis non cumque et quia est. Nisi consequuntur itaque vel minus suscipit asperiores. Sit et est mollitia facilis est voluptas.',3,'2020-09-15 12:20:23','2020-09-15 12:20:23'),(97,76,'Gia Goodwin','Earum sit vel quis occaecati repudiandae aut. Ducimus fuga molestiae consequatur totam consequatur. Dicta deleniti ipsam aut eius vitae autem enim. Cumque ut et harum dolorem.',4,'2020-09-15 12:20:23','2020-09-15 12:20:23'),(98,25,'Prof. Wilford Stiedemann III','Et rerum id iusto aliquam dolores consectetur autem. Molestiae fuga omnis et est. Quibusdam et occaecati non quo laborum iusto eum non. Laudantium laudantium qui maiores deleniti labore sunt.',5,'2020-09-15 12:20:23','2020-09-15 12:20:23'),(99,10,'Devonte Kuhn','Enim repellendus sit quis. Voluptas quaerat omnis numquam deleniti. Accusantium dolorem est corrupti odio molestiae nesciunt non maxime.',0,'2020-09-15 12:20:23','2020-09-15 12:20:23'),(100,1,'Dr. Roosevelt Gibson Sr.','Voluptate quas ipsa quia suscipit sit. Similique ad aut aliquid voluptas qui accusamus fugit. Aliquam est velit omnis qui quos iusto.',3,'2020-09-15 12:20:23','2020-09-15 12:20:23'),(101,98,'Caleb Will Jr.','Est quae sit ut numquam ut ducimus molestiae. Et facilis eum consequatur natus hic debitis alias incidunt. Repudiandae rerum saepe voluptate in natus eos.',5,'2020-09-15 12:20:23','2020-09-15 12:20:23'),(102,18,'Sienna Gottlieb','Quis nihil nobis laborum consectetur molestiae. Incidunt nostrum blanditiis nihil id.',1,'2020-09-15 12:20:23','2020-09-15 12:20:23'),(103,55,'Mrs. Jazlyn Legros DDS','Ducimus provident consectetur quibusdam enim omnis doloribus ipsam. Possimus reiciendis aut molestiae doloribus et. Perferendis et magni aut est. Omnis ducimus sit atque sint aut et.',1,'2020-09-15 12:20:23','2020-09-15 12:20:23'),(104,46,'Prof. Murray Stanton','Ipsum consequatur consequatur aut necessitatibus iste. Aut eius accusamus velit doloremque cum quis ut iusto. Impedit id ut sint rerum.',4,'2020-09-15 12:20:23','2020-09-15 12:20:23'),(105,74,'Laurence Denesik','Quo ut laboriosam illo officiis itaque iusto perspiciatis odio. Ut natus a nam non voluptas odit minus.',4,'2020-09-15 12:20:23','2020-09-15 12:20:23'),(106,7,'Joshua Waters','Vero et animi est sed sequi. Ut distinctio deleniti est quia quae ipsa quae officiis. Unde inventore harum qui beatae omnis doloremque voluptatum.',1,'2020-09-15 12:20:23','2020-09-15 12:20:23'),(107,20,'Mckenna Volkman PhD','Ut nulla dolorem quae officia ea. Dolore occaecati nihil at et quam tenetur quia minus. Quae soluta neque odio qui repellendus et. Tenetur optio eveniet est aut aliquid ullam.',4,'2020-09-15 12:20:23','2020-09-15 12:20:23'),(108,35,'Nola Blanda','Repudiandae itaque et suscipit nihil facere vitae. Saepe commodi eaque blanditiis numquam impedit delectus excepturi. Distinctio rem magni quia rerum in.',1,'2020-09-15 12:20:23','2020-09-15 12:20:23'),(109,5,'Mr. Dayton Wolff','Voluptas dignissimos aut nihil. Doloremque non aspernatur ut enim. A harum laborum dolores magnam. Accusantium rem pariatur facere ea minima.',2,'2020-09-15 12:20:23','2020-09-15 12:20:23'),(110,38,'Laverne Boyer DVM','Quis aliquid enim sunt ex. Atque nihil ea est est qui quas laboriosam. Ut officiis quis quod explicabo quidem explicabo.',2,'2020-09-15 12:20:23','2020-09-15 12:20:23'),(111,9,'Mr. Immanuel Abbott','Atque aut suscipit excepturi odit. Sed dignissimos voluptatem aut rem similique. Cumque voluptatem consectetur voluptatibus esse et.',4,'2020-09-15 12:20:23','2020-09-15 12:20:23'),(112,51,'Ms. Daniela Yost','Velit error suscipit voluptatem beatae eius. Odio optio voluptas et magni fugiat quia. Molestiae totam rem totam. Rerum praesentium optio sit sit architecto.',1,'2020-09-15 12:20:23','2020-09-15 12:20:23'),(113,8,'Prof. Alycia Hansen','Numquam esse cumque dolor. Tempore similique est consequatur voluptatem quia. Exercitationem accusantium similique ut. Nulla omnis eaque et omnis.',3,'2020-09-15 12:20:23','2020-09-15 12:20:23'),(114,83,'Adolph Weber','Ut eos accusamus iure rerum magnam est fugiat cum. Officia ut animi omnis iusto dignissimos qui. Sed doloremque perferendis et veniam sit officiis.',5,'2020-09-15 12:20:23','2020-09-15 12:20:23'),(115,54,'Janice Dooley','Sint sed autem iste magnam magni voluptatem provident. Vitae sint dolorum beatae neque ipsam deserunt. Et autem et aut ut provident laborum. Iste quia repellendus dolor et modi aliquid ipsa dolores.',2,'2020-09-15 12:20:23','2020-09-15 12:20:23'),(116,58,'Lyric Anderson','In nesciunt quis architecto dolor. Cumque cupiditate minima consequatur quia iure non.',2,'2020-09-15 12:20:23','2020-09-15 12:20:23'),(117,94,'Elyse Goyette','Distinctio perferendis necessitatibus reprehenderit. Nobis voluptatem dicta ut sint et quia soluta. Possimus qui occaecati occaecati ratione quo.',4,'2020-09-15 12:20:23','2020-09-15 12:20:23'),(118,5,'Solon Swaniawski','Tempore dolores autem fuga voluptatum maiores tempora. Ea officiis ratione ut. Qui sit debitis ut et. Voluptatem dolorem voluptatem officia.',0,'2020-09-15 12:20:23','2020-09-15 12:20:23'),(119,66,'Prof. Dale Jast','Delectus repellendus consequatur repellat sunt facilis soluta. Illo voluptatem possimus aut est sapiente eum voluptas. Rem autem aut harum dolores in.',0,'2020-09-15 12:20:23','2020-09-15 12:20:23'),(120,93,'Elmer Welch','Facilis dolores libero deserunt facilis vitae adipisci ratione iusto. Amet voluptatem odio voluptatem veritatis quia. At optio sit qui architecto quo sit. Quia molestiae est hic.',0,'2020-09-15 12:20:23','2020-09-15 12:20:23'),(121,54,'Zachary Goldner','Qui sit est maiores officia sequi. Qui rerum quam dolor nisi. Aut odio voluptatem qui voluptatum eveniet tenetur quia.',3,'2020-09-15 12:20:23','2020-09-15 12:20:23'),(122,33,'Prof. Paolo Blanda','Optio velit quasi non consequatur non veniam enim. Occaecati omnis sed iusto eum numquam beatae temporibus. Corporis et tempora corporis aut architecto culpa dolores.',2,'2020-09-15 12:20:23','2020-09-15 12:20:23'),(123,56,'Opal Dickens','Enim modi nesciunt blanditiis dolores. Quo quidem id quae ratione. Nam laudantium laudantium rem voluptatem quisquam qui. Porro ipsum explicabo est hic exercitationem sed est ab.',1,'2020-09-15 12:20:23','2020-09-15 12:20:23'),(124,54,'Alva Franecki IV','Sunt et perferendis iusto qui non. Modi qui omnis facere et. Voluptatum maiores officia quidem adipisci odit veritatis ut. Debitis veniam odit provident.',4,'2020-09-15 12:20:23','2020-09-15 12:20:23'),(125,22,'Prof. Grady Welch DDS','Voluptates voluptatem non voluptas cumque alias. Non cupiditate qui sunt aliquid iste magnam. Rerum dolore voluptatibus et corrupti numquam ut ex et. Sed perspiciatis tenetur quo iusto eveniet.',2,'2020-09-15 12:20:23','2020-09-15 12:20:23'),(126,21,'Pink Reichert III','Totam excepturi in dignissimos mollitia quis ex. Est a distinctio debitis repellendus aut vero. Dolores consequatur et quo quia. Vel nihil accusamus sit aliquid vel maiores.',4,'2020-09-15 12:20:23','2020-09-15 12:20:23'),(127,68,'Jeffrey O\'Connell','Voluptatem quis impedit et autem similique. Est suscipit sint quos esse. Quasi quidem dolor numquam aut aut veniam illum illum.',3,'2020-09-15 12:20:23','2020-09-15 12:20:23'),(128,53,'Ms. Carolina Robel I','Possimus explicabo in minus tenetur quia libero nemo. Perspiciatis voluptatem sunt fugiat voluptas similique aut molestiae. Provident voluptatem qui sint minima amet. Doloremque nostrum ut omnis iusto similique.',5,'2020-09-15 12:20:23','2020-09-15 12:20:23'),(129,53,'Dr. Shaun Hettinger III','Explicabo vel expedita rem accusantium deserunt quae animi. Illo qui reprehenderit qui sunt atque vel voluptatem ea. Qui qui distinctio illo molestiae enim et. Aut maxime aut quia sint dignissimos debitis pariatur.',4,'2020-09-15 12:20:23','2020-09-15 12:20:23'),(130,46,'Dr. Orlo Haley II','Perferendis provident numquam libero laudantium nihil hic quasi et. Sed eveniet quis hic ut et dolores quidem. Quis ipsam beatae quos repellendus est.',1,'2020-09-15 12:20:23','2020-09-15 12:20:23'),(131,56,'Vanessa Sawayn','Accusamus officia id possimus doloremque fuga. Atque eos provident deleniti autem. Distinctio facere rerum et maiores. Sit quisquam suscipit non doloribus sapiente quo sit delectus.',5,'2020-09-15 12:20:23','2020-09-15 12:20:23'),(132,87,'Lois Beer','Ut atque at illum repellendus dolor rem dignissimos. Quae sunt consequatur et qui quia. Enim odit omnis distinctio assumenda.',4,'2020-09-15 12:20:23','2020-09-15 12:20:23'),(133,88,'Edison Kris Jr.','Id nesciunt modi voluptatem officia nihil quasi. Praesentium vero odio voluptas cumque nisi. Accusamus distinctio ea architecto enim.',2,'2020-09-15 12:20:23','2020-09-15 12:20:23'),(134,48,'Felicity Stroman','Consectetur officiis eum qui quibusdam voluptatem. Et dolor beatae illum est vel. Ratione natus similique temporibus ab corporis harum similique sunt.',0,'2020-09-15 12:20:23','2020-09-15 12:20:23'),(135,99,'Darrick Homenick','Laboriosam cumque repellat autem molestiae et maiores. Quae harum non quia deserunt est iste dolor. Molestias facilis esse soluta est et ex. Id aperiam et dolorum sint commodi. Non impedit ut quae corporis eaque dolores.',4,'2020-09-15 12:20:23','2020-09-15 12:20:23'),(136,73,'Jack Feil','Nesciunt et ex omnis dolores molestiae. Natus fugit aliquam vero pariatur omnis. Et corporis occaecati quo dolores. Et quae fugit pariatur dolores voluptates ipsam porro.',0,'2020-09-15 12:20:23','2020-09-15 12:20:23'),(137,75,'Martina Hessel MD','Eos id minima voluptates ab est. Sint maxime aspernatur ullam voluptatem deserunt non dolorum ducimus. Consequatur culpa tempore sunt laudantium debitis quaerat in.',3,'2020-09-15 12:20:23','2020-09-15 12:20:23'),(138,10,'Juvenal Hane','Dignissimos incidunt recusandae molestias qui ut quos corporis sed. Veniam dolore laudantium impedit pariatur. Sint minima voluptatem quod est et similique eveniet. Quo ut rerum at quo delectus.',4,'2020-09-15 12:20:23','2020-09-15 12:20:23'),(139,24,'Dr. Pascale Mohr Jr.','Veniam et aliquam fuga labore alias fugit asperiores. Rem similique illum a ut ea aut vel. Tenetur qui illum reprehenderit accusamus explicabo. Quia animi qui in maiores rerum.',4,'2020-09-15 12:20:23','2020-09-15 12:20:23'),(140,33,'Destiny Lesch','Dolores aut labore sint voluptas. Deserunt est harum ullam voluptates dolores officiis. Ut at eveniet quo aperiam deleniti facilis id.',0,'2020-09-15 12:20:23','2020-09-15 12:20:23'),(141,100,'Bernhard Rutherford II','Voluptatem qui voluptas velit accusamus provident. Consequatur molestias quas ducimus minima quo aut. Voluptas non sapiente facilis sit dicta reprehenderit. Quo soluta unde et laudantium dolores libero.',0,'2020-09-15 12:20:23','2020-09-15 12:20:23'),(142,15,'Miss Ebba Von Jr.','Qui minus et voluptatem delectus fugit voluptatibus consequuntur. Sed non ut et quis eveniet dignissimos. Voluptatum sequi fuga provident facere fuga omnis.',0,'2020-09-15 12:20:23','2020-09-15 12:20:23'),(143,21,'Wilber Towne','Recusandae ipsam consequatur labore et cum. Error in et veniam id dolor odio qui. Nihil et minima beatae quam dolores ut. Fugit occaecati sit est nemo hic doloribus.',0,'2020-09-15 12:20:23','2020-09-15 12:20:23'),(144,50,'Ms. Anita Hermiston MD','Maxime non deserunt aspernatur autem et sed consequatur impedit. Culpa excepturi nobis nostrum fugiat sit qui. Tempore non id error et.',4,'2020-09-15 12:20:23','2020-09-15 12:20:23'),(145,46,'Rahul Hammes III','Aperiam perferendis quia magnam quas exercitationem. Quidem doloremque perspiciatis voluptatem aperiam consequuntur. Accusantium enim et eligendi id.',4,'2020-09-15 12:20:23','2020-09-15 12:20:23'),(146,40,'Lura Zemlak','Totam aliquid modi corrupti tenetur tempore. Unde velit natus et ut sed voluptatem velit voluptatem. In molestias omnis aspernatur dolorem est occaecati. Est ab vitae sit asperiores asperiores facere.',0,'2020-09-15 12:20:23','2020-09-15 12:20:23'),(147,3,'Oma Nikolaus','Quia nesciunt ut maxime excepturi aut. Voluptate architecto animi officiis reiciendis consequatur. Vero deserunt debitis enim illo quidem et excepturi. Nihil eaque deleniti inventore ut.',1,'2020-09-15 12:20:23','2020-09-15 12:20:23'),(148,26,'Desmond Beahan','Culpa enim nostrum magni necessitatibus. Repellendus adipisci nesciunt nihil sed id voluptatem quibusdam. Voluptatem est vel qui rerum sequi quae.',4,'2020-09-15 12:20:23','2020-09-15 12:20:23'),(149,70,'Hobart Stamm','Beatae laborum et culpa velit voluptas. Reiciendis quod et aut et reiciendis. Soluta mollitia aspernatur cum maxime aliquam voluptates.',4,'2020-09-15 12:20:23','2020-09-15 12:20:23'),(150,57,'Jackeline Reichel V','Veritatis in esse sit dolorem iure excepturi ipsa. Similique qui debitis quo culpa. Omnis autem eos incidunt. Autem unde officiis aut iusto nobis id eaque.',2,'2020-09-15 12:20:23','2020-09-15 12:20:23'),(151,100,'Kiley Reichel','Atque occaecati voluptas quam aut dolore. Ut in qui fugiat sequi et nostrum. Itaque eaque enim velit autem vel. Quia pariatur debitis voluptate aut atque consequatur corrupti.',0,'2020-09-15 12:20:23','2020-09-15 12:20:23'),(152,72,'Dr. Magnus Ryan III','Aut est repellat unde porro voluptas animi. Vitae dolore quis quidem veritatis maxime tenetur ab dolorem. Non qui animi repellat sit nihil sunt totam tempore. Sed quia eaque tenetur.',5,'2020-09-15 12:20:23','2020-09-15 12:20:23'),(153,20,'Dr. Rachelle Terry V','Illum vel consequatur pariatur blanditiis. Cum esse fugit ducimus eum et porro minus. Incidunt accusantium reprehenderit itaque accusamus incidunt tempore et.',5,'2020-09-15 12:20:23','2020-09-15 12:20:23'),(154,89,'Ms. Providenci Boehm III','Eveniet quos eaque est quia officia. Excepturi ea dolore quo velit commodi. Aut voluptate et et et eaque omnis voluptatem.',3,'2020-09-15 12:20:23','2020-09-15 12:20:23'),(155,96,'Jazmin Mueller','Numquam amet sint est aut nobis dolorum. Dolor illo aliquid quam earum aliquam.',2,'2020-09-15 12:20:23','2020-09-15 12:20:23'),(156,79,'Makenzie Daniel','Commodi nihil commodi non. Dolor sunt aut maiores omnis. Repellat voluptates quis eos consectetur.',3,'2020-09-15 12:20:23','2020-09-15 12:20:23'),(157,41,'Mr. Rodger Bins','Non perferendis libero facilis quas rerum incidunt reprehenderit. Aut vel minima unde architecto facere veritatis. Et inventore qui ab tenetur sed iste eum.',4,'2020-09-15 12:20:23','2020-09-15 12:20:23'),(158,17,'Dr. Citlalli Weissnat III','Tempore aut asperiores vel aut pariatur vel. Ad ut placeat qui. Accusantium mollitia accusamus inventore atque aliquam suscipit sed.',2,'2020-09-15 12:20:23','2020-09-15 12:20:23'),(159,3,'Carolanne Hills','Possimus consequatur voluptate voluptates. Soluta iure sint nobis quisquam voluptatem omnis. Nam tenetur alias doloremque sint quibusdam laboriosam.',0,'2020-09-15 12:20:23','2020-09-15 12:20:23'),(160,64,'Prof. Jay Walter I','Aliquam nihil eos reprehenderit quisquam nostrum rerum. Dolorem nisi ipsa sed. Doloremque sint dolores possimus. Nulla omnis suscipit voluptatem quisquam expedita.',5,'2020-09-15 12:20:23','2020-09-15 12:20:23'),(161,17,'Randall Wisoky','Illo magnam culpa ratione nam vel. Qui excepturi ex ut velit dolor consectetur.',4,'2020-09-15 12:20:23','2020-09-15 12:20:23'),(162,18,'Arlene McClure DVM','Velit incidunt iure eius sequi architecto. Quidem at et aliquid nisi voluptas at quaerat dolor. In quasi reiciendis eveniet ab voluptatem dolores.',2,'2020-09-15 12:20:23','2020-09-15 12:20:23'),(163,64,'Otis Larkin','Autem explicabo ullam et earum deserunt minima. Et enim nisi mollitia nisi rerum. Eaque aut saepe voluptas delectus dolores aliquid voluptatum.',3,'2020-09-15 12:20:23','2020-09-15 12:20:23'),(164,79,'Dr. Shaniya Sporer','Deleniti et soluta nulla optio beatae minima nihil. Velit et quasi nam blanditiis eos nobis. Optio et debitis laboriosam illum asperiores et voluptatum. Sit recusandae ipsam quia quia doloremque tenetur quaerat.',1,'2020-09-15 12:20:23','2020-09-15 12:20:23'),(165,11,'Prof. Reba Kerluke','Officia atque vel ratione aperiam architecto qui nam facilis. Perferendis magni ducimus consequatur et provident voluptatibus voluptatem odio. Ipsam pariatur veritatis et non sint nobis a. Et sed modi facere in vitae facilis eum.',2,'2020-09-15 12:20:23','2020-09-15 12:20:23'),(166,66,'Flo Weissnat','Quae distinctio rerum velit est. Voluptas at cumque repellendus eum cumque qui. Numquam natus voluptatem sit tempora odio hic. Et consectetur ut natus omnis id est ipsum. Ut vero esse sint et.',4,'2020-09-15 12:20:23','2020-09-15 12:20:23'),(167,96,'Ollie Heidenreich','Odit quod laborum totam alias. At ut eum quod voluptate. Et culpa ut non dolores nam.',3,'2020-09-15 12:20:23','2020-09-15 12:20:23'),(168,3,'Ms. Eliane Gutmann DDS','Amet occaecati ratione cum blanditiis asperiores omnis quo. Non ut dolores vel ut. Enim tempore aut eaque quo. Fugiat neque voluptas cumque ex unde. Assumenda repellat aut atque nemo illum.',3,'2020-09-15 12:20:23','2020-09-15 12:20:23'),(169,38,'Unique Smith','Aut dolor ut qui aut sint iste. Quas quos id sint sint consectetur ex laborum. Totam quia assumenda animi vel.',2,'2020-09-15 12:20:23','2020-09-15 12:20:23'),(170,93,'Ena Stark','Quos assumenda pariatur laborum et voluptatum. Quo laborum soluta officia consequatur minus odit. A iste consequatur dolores. Et id quas exercitationem laudantium minima quis quos. Quia et fugit saepe blanditiis voluptatem in.',4,'2020-09-15 12:20:23','2020-09-15 12:20:23'),(171,17,'Mrs. Gladys Rosenbaum','Accusantium porro ut vel voluptatem qui. In facere repellat repellat dignissimos officia dolor. Atque dolore at eligendi ut.',1,'2020-09-15 12:20:23','2020-09-15 12:20:23'),(172,50,'Delaney Ankunding','Quam quo sunt at provident. Laborum optio fugiat aspernatur delectus quas pariatur.',1,'2020-09-15 12:20:23','2020-09-15 12:20:23'),(173,19,'Prof. Ari Buckridge MD','Repudiandae officiis id in earum et. Nihil quia ea id omnis. Voluptatum possimus omnis earum dolorem. Voluptas ut labore saepe temporibus sunt quod maiores.',4,'2020-09-15 12:20:23','2020-09-15 12:20:23'),(174,65,'Delia Stracke II','Excepturi voluptas blanditiis autem modi voluptatem esse. Aut illum doloremque voluptatem est rerum iusto. Veritatis consequatur nam et dolorum. Maxime eum dolore aut quisquam excepturi aut.',4,'2020-09-15 12:20:23','2020-09-15 12:20:23'),(175,14,'Nash Ferry I','Quis molestias dolorum voluptatibus ea. Optio quaerat ipsum dolores quia.',1,'2020-09-15 12:20:23','2020-09-15 12:20:23'),(176,60,'Melba Hermann','Dolores nemo ad aliquid necessitatibus ut. Quam perferendis aut unde a illo culpa repellendus. Quibusdam dolor suscipit molestias incidunt adipisci quia voluptate.',2,'2020-09-15 12:20:23','2020-09-15 12:20:23'),(177,63,'Mr. Rickie Goldner PhD','Sint tempore voluptatibus rerum ut sed. Ea odit sapiente eaque odio tenetur magni.',1,'2020-09-15 12:20:23','2020-09-15 12:20:23'),(178,22,'Mckenzie Erdman','Reiciendis rerum quibusdam quaerat. Quia est dolores quis odit officia optio nihil maiores. Pariatur odit qui et et consequatur delectus est ut. Id voluptatem officia aut vel perspiciatis molestiae.',3,'2020-09-15 12:20:23','2020-09-15 12:20:23'),(179,93,'Dr. Angelo Altenwerth','Praesentium quia quis assumenda quia quos. Doloribus illum voluptates qui repudiandae. Molestiae dignissimos ducimus ipsum aliquid accusantium debitis sequi quidem. Aliquam doloribus aut sed dolorem explicabo enim occaecati.',3,'2020-09-15 12:20:23','2020-09-15 12:20:23'),(180,23,'Rigoberto Hahn','Culpa voluptas nulla et officiis consequatur. Pariatur qui veritatis distinctio sunt. Rerum ipsa facilis tempore quasi. Odit cumque omnis qui sequi cumque.',0,'2020-09-15 12:20:23','2020-09-15 12:20:23'),(181,12,'Elizabeth Eichmann V','Sint id aspernatur ad aut. Molestiae qui nihil ut sit consequuntur id quae. Consectetur ut aut dolorem sit in ut repudiandae.',5,'2020-09-15 12:20:23','2020-09-15 12:20:23'),(182,2,'Loraine Waelchi','Voluptates nulla rerum rerum repellat molestias. Non doloremque repudiandae quas nihil quasi. Nisi aut quia aut natus ex.',2,'2020-09-15 12:20:23','2020-09-15 12:20:23'),(183,30,'Lindsay Howe Sr.','Magnam sit in nesciunt quos eius neque maiores et. Enim officia quo et doloribus nulla. Possimus quibusdam ut eius quibusdam. Dolore natus ut temporibus aut velit sit sed.',4,'2020-09-15 12:20:23','2020-09-15 12:20:23'),(184,17,'Miss Harmony Koch V','Distinctio quibusdam ex officia dolorum. Dolor qui omnis aliquid. Placeat pariatur impedit voluptatem officia rerum.',0,'2020-09-15 12:20:23','2020-09-15 12:20:23'),(185,93,'Lukas Hauck IV','Sunt aut repellendus laudantium et iure ipsam sed. In eos consequuntur vel tempore facere et. Nobis blanditiis alias ea et. Officia provident ratione laudantium.',0,'2020-09-15 12:20:23','2020-09-15 12:20:23'),(186,58,'Dewayne Botsford','Ipsam exercitationem qui officia ea. Omnis dolor qui omnis similique ut eos. Velit voluptas facere enim rerum quis. Minima velit reprehenderit illo error ipsum ea possimus earum. Minus sapiente sint qui similique.',0,'2020-09-15 12:20:23','2020-09-15 12:20:23'),(187,57,'Lelia Koch','Aliquam sunt molestias quo fugit. Distinctio animi rerum aut ipsam corporis. Error dolores temporibus suscipit deleniti voluptas aspernatur dolores. Aut fuga accusamus blanditiis dolorem porro illum culpa.',4,'2020-09-15 12:20:23','2020-09-15 12:20:23'),(188,45,'Miss Pearl Hintz DVM','Fuga blanditiis commodi a aut. Explicabo non earum totam est ut illum iure. Ipsam et qui sapiente distinctio nostrum aut amet. Aut quidem corporis at illum dicta repellat. Dolores enim culpa autem perferendis et eius.',4,'2020-09-15 12:20:23','2020-09-15 12:20:23'),(189,56,'Gudrun Boyle','Nemo eaque ea repellendus excepturi quisquam error nihil. Sed consequatur laudantium et saepe saepe consequatur sed. Nihil sunt non ratione qui.',4,'2020-09-15 12:20:23','2020-09-15 12:20:23'),(190,11,'Vernie Crist','Et nostrum aut modi et dolorem temporibus eum. Eligendi unde et earum qui non. Possimus ducimus optio vel sint consequatur qui veritatis. Cum quis veniam est doloribus qui.',4,'2020-09-15 12:20:23','2020-09-15 12:20:23'),(191,65,'Jerrod McGlynn','Saepe illo consequatur repudiandae quam. Est rem nisi debitis atque quo iusto. Tempore et repudiandae accusamus odit. Voluptas soluta exercitationem porro pariatur aut corrupti.',4,'2020-09-15 12:20:23','2020-09-15 12:20:23'),(192,27,'Newell Bradtke','Ut quibusdam velit ut quisquam. Minima nihil rerum et itaque. Aut nihil quod id at. Omnis est fugit et omnis. Est repellendus dolores eos necessitatibus iure.',4,'2020-09-15 12:20:23','2020-09-15 12:20:23'),(193,44,'Mrs. Roxanne Kihn','Voluptatem recusandae ut enim est reiciendis dicta. Sint quas earum suscipit. Eum voluptatem aut quae numquam hic quisquam in.',2,'2020-09-15 12:20:23','2020-09-15 12:20:23'),(194,37,'Tatum Kassulke V','Exercitationem qui ut voluptas dolorum. Voluptatem sed dignissimos illum quo consequatur a. Id tenetur temporibus facere ut ea ut et. Magni architecto perspiciatis eum doloremque in repellat et. Autem maxime voluptatem necessitatibus explicabo.',3,'2020-09-15 12:20:23','2020-09-15 12:20:23'),(195,13,'Prof. Augustus Schumm','Reiciendis tempore non vero. Exercitationem vitae vitae atque ea a enim. Voluptatem deleniti qui labore incidunt ut reiciendis. Magnam dolor asperiores architecto et quia corrupti modi.',1,'2020-09-15 12:20:23','2020-09-15 12:20:23'),(196,69,'Ms. Kirsten Effertz PhD','Nam est ut et perferendis minima sit enim. Qui commodi non et aspernatur animi veritatis nesciunt. Est soluta voluptas rerum rerum et minima. Sit voluptas numquam adipisci omnis.',5,'2020-09-15 12:20:23','2020-09-15 12:20:23'),(197,75,'Elenora Douglas','Enim ad et sed fugiat at. Itaque ut iste omnis quia.',5,'2020-09-15 12:20:23','2020-09-15 12:20:23'),(198,91,'Frederik Daugherty','Alias sed quia consequatur cum adipisci. Qui eum placeat ad reprehenderit. Pariatur distinctio modi dignissimos sit cum animi. In molestiae reiciendis doloribus animi. Non sed vel molestias libero.',5,'2020-09-15 12:20:23','2020-09-15 12:20:23'),(199,53,'Glennie Sawayn','Et voluptatem laudantium totam ut voluptatem reiciendis dolorum corrupti. Modi aut et expedita sit temporibus ut. Et nemo tempora quidem laborum. Odio natus consectetur quo.',5,'2020-09-15 12:20:23','2020-09-15 12:20:23'),(200,19,'Lawson Raynor','Corrupti esse explicabo quo assumenda rerum et veritatis. Exercitationem harum in et ut. Non enim expedita ipsa vel. Id pariatur dicta et ut libero ea voluptas.',3,'2020-09-15 12:20:23','2020-09-15 12:20:23'),(201,31,'Mr. Hyman Kassulke III','Aut deleniti eaque quaerat quo voluptatem doloribus. Natus in sit harum eos. Et rerum et eius ea quia illo. Quia maiores quo quae voluptatem dolores molestiae.',4,'2020-09-15 12:20:23','2020-09-15 12:20:23'),(202,39,'Mrs. Susan O\'Connell PhD','Dignissimos id cumque sint sunt aut. Eum dolores et rerum rem impedit praesentium. Qui eaque dicta qui dolores. Et non corrupti quia nam eum sit consectetur. Rerum aliquam quia est odio reprehenderit.',5,'2020-09-15 12:20:23','2020-09-15 12:20:23'),(203,89,'Karina Rowe','Iusto et est id qui inventore. Nihil quae cupiditate voluptatem autem rem molestiae. Fugit eum error ut doloribus commodi.',4,'2020-09-15 12:20:23','2020-09-15 12:20:23'),(204,88,'Prof. Stewart Stroman II','Veritatis est aut est recusandae iusto et error. Consectetur et nesciunt eveniet non velit.',0,'2020-09-15 12:20:23','2020-09-15 12:20:23'),(205,51,'Webster Mann','Et quia dolor exercitationem laboriosam. Officia consequatur doloremque et est. Harum omnis voluptatum reiciendis labore.',3,'2020-09-15 12:20:23','2020-09-15 12:20:23'),(206,59,'Maia Mayert','Maxime fuga vel accusantium eum fugiat cum consequuntur. Quo deserunt ut dolorem dicta minima corporis ipsum. Facere facere maxime illo dicta.',5,'2020-09-15 12:20:23','2020-09-15 12:20:23'),(207,56,'Mr. Saul White','Voluptatem hic odit enim. Sequi impedit autem impedit corrupti. Quia praesentium consectetur esse reiciendis aut.',3,'2020-09-15 12:20:23','2020-09-15 12:20:23'),(208,73,'Miss Ana Gorczany MD','Id sit ducimus quae voluptates. Voluptas excepturi dicta voluptas fuga voluptatem ipsa aspernatur. Aperiam maxime quia quos aperiam dicta harum expedita. Aut ut officiis at voluptas.',4,'2020-09-15 12:20:23','2020-09-15 12:20:23'),(209,92,'Noel Mills','Soluta placeat pariatur optio beatae. Suscipit nobis repellat provident eos consequatur. Sed ipsam illo non sunt. Quasi in sed sint eum cum aut voluptatum.',2,'2020-09-15 12:20:23','2020-09-15 12:20:23'),(210,64,'Erwin Anderson','Nobis quaerat dolorum delectus voluptas. Laudantium sed ex ut ipsam porro. Praesentium cumque labore at modi quas. Est optio molestias quis et quos in.',3,'2020-09-15 12:20:23','2020-09-15 12:20:23'),(211,18,'Stan Borer','Eaque aut animi in excepturi. Est nemo optio consequatur id quia dolorem. Non est et molestias rerum eum et.',0,'2020-09-15 12:20:23','2020-09-15 12:20:23'),(212,53,'Alison Schiller PhD','Quis corrupti est quaerat eligendi alias. Exercitationem minima et excepturi unde aliquam. Laudantium accusamus eligendi voluptatibus unde quaerat fuga aut. Repellendus et veniam nihil quis vel. Tenetur veritatis ut maiores maiores fuga asperiores nam.',0,'2020-09-15 12:20:23','2020-09-15 12:20:23'),(213,74,'Edison Mitchell','Quas nulla tempora rerum deleniti quos magnam. Laboriosam harum sunt consequuntur sapiente. Nostrum dolore dolor nostrum eum. Sunt a dicta molestiae aperiam.',5,'2020-09-15 12:20:23','2020-09-15 12:20:23'),(214,3,'Dr. Tavares Bogisich DDS','Odio aliquid ea laudantium provident sunt labore illum omnis. Et a eos corporis qui est. Aut quis itaque illo optio facere. Recusandae impedit placeat maiores eos tempora placeat nihil.',5,'2020-09-15 12:20:23','2020-09-15 12:20:23'),(215,35,'Kiel Ziemann','Ullam velit cum quod eos at. Eum asperiores et aut. Cum ut minus sint. Adipisci magnam vel ab repellendus aut numquam.',3,'2020-09-15 12:20:23','2020-09-15 12:20:23'),(216,2,'Ricardo Feeney','Id quibusdam et excepturi officiis numquam. Reiciendis similique esse ipsam aut. Deserunt eveniet nemo fuga enim. Placeat deleniti aut quidem. Voluptatem dignissimos itaque autem numquam molestiae rerum.',3,'2020-09-15 12:20:23','2020-09-15 12:20:23'),(217,20,'Janae Roberts','Fugiat occaecati dolor voluptate ut laborum sed. Voluptatem est exercitationem atque ea vitae. Quos odit numquam molestiae est. Laboriosam blanditiis ut saepe cupiditate officia cupiditate ipsa. Non sed nostrum sed voluptates necessitatibus autem est.',0,'2020-09-15 12:20:23','2020-09-15 12:20:23'),(218,57,'Wilmer Kris','Laborum rem accusantium aut debitis neque iure eum. Velit quia temporibus dolore dolores eligendi natus. Aut ratione rerum quas rerum.',0,'2020-09-15 12:20:23','2020-09-15 12:20:23'),(219,28,'Allene Upton V','Voluptatibus iure non et libero. Assumenda quisquam id quam cum harum ipsa. Alias minus non maiores.',5,'2020-09-15 12:20:23','2020-09-15 12:20:23'),(220,48,'Sophia Effertz','Ullam quam accusantium reiciendis tempora velit dolores enim nam. Qui id consequatur ut dolore est a enim. Debitis possimus molestias natus ex rerum dolores.',2,'2020-09-15 12:20:23','2020-09-15 12:20:23'),(221,23,'Eldred Buckridge','Numquam accusantium reprehenderit nulla repellendus. Dolore eveniet repellendus quia suscipit. Rerum ab dolorem corporis hic ut aliquid vitae. Magnam quaerat et aperiam alias quia a.',2,'2020-09-15 12:20:23','2020-09-15 12:20:23'),(222,32,'Mr. Carey Conroy MD','Porro asperiores culpa mollitia iusto. Ducimus eum consectetur vitae assumenda sed molestias sed. Numquam eum magnam inventore.',1,'2020-09-15 12:20:23','2020-09-15 12:20:23'),(223,20,'Xander Schuppe','Non hic sunt illum aut officia. Voluptas facilis laboriosam asperiores reiciendis neque. Repellat dicta id sed quisquam quasi non qui. Odit excepturi labore consequatur nemo quas debitis id. Quas sed explicabo voluptate neque quasi odio.',4,'2020-09-15 12:20:23','2020-09-15 12:20:23'),(224,19,'Mrs. Zoila Wuckert','Molestias sit iure cumque qui. Doloribus neque deleniti quia vero deserunt et. Labore velit et officia quos.',0,'2020-09-15 12:20:23','2020-09-15 12:20:23'),(225,73,'Prof. Ransom Hickle','Voluptatibus voluptates distinctio et occaecati dicta blanditiis perspiciatis corrupti. Sed blanditiis beatae facilis dolor. Aut rerum quo rem explicabo magnam. Voluptatibus itaque fuga delectus distinctio non qui.',3,'2020-09-15 12:20:23','2020-09-15 12:20:23'),(226,22,'Kaylah Fadel','Non molestias ratione eum omnis et totam. Et nihil voluptates possimus officia eos et iste numquam. Illo qui dolore quidem nostrum voluptatum cumque. Repellendus optio maiores similique in.',5,'2020-09-15 12:20:23','2020-09-15 12:20:23'),(227,11,'Odessa Keebler','Quae architecto optio aliquid mollitia. Repudiandae eaque saepe modi et voluptatem est est. Repudiandae consequuntur fugiat repellendus illo cum. Voluptatem molestiae molestiae nulla earum sit quasi. Doloribus molestiae et ut recusandae.',1,'2020-09-15 12:20:23','2020-09-15 12:20:23'),(228,10,'Dr. Francis Stanton','Quisquam similique voluptatem rerum hic ab. Consequatur non illum alias delectus. Eius esse est neque ut a molestias pariatur.',4,'2020-09-15 12:20:23','2020-09-15 12:20:23'),(229,80,'Mrs. Pascale Russel PhD','Quos tempora totam nulla et maiores. Qui aliquam facere et. Modi maiores vel nesciunt enim. Voluptate aut laudantium non tenetur asperiores asperiores non.',0,'2020-09-15 12:20:23','2020-09-15 12:20:23'),(230,81,'Prof. Danny Runolfsdottir DDS','Est et velit delectus vel occaecati. Officiis occaecati deleniti praesentium nobis sunt. Repellat voluptatem et officiis adipisci non dolor ut.',2,'2020-09-15 12:20:23','2020-09-15 12:20:23'),(231,78,'Dr. Jadyn Dickens MD','Hic voluptates ea voluptas libero et accusamus voluptatum omnis. Maiores aut atque veritatis soluta.',4,'2020-09-15 12:20:23','2020-09-15 12:20:23'),(232,95,'Prof. Roosevelt Durgan IV','Dignissimos non et architecto eius. Laborum cumque error praesentium maxime itaque consequatur.',4,'2020-09-15 12:20:23','2020-09-15 12:20:23'),(233,80,'Prof. Nathanael Gorczany','Exercitationem veniam perspiciatis dolores quo dolore nobis aut. Omnis itaque eos recusandae iste aliquid libero. Inventore in minima eligendi officiis earum eos tempore.',0,'2020-09-15 12:20:23','2020-09-15 12:20:23'),(234,18,'Antone Rutherford MD','Aut ipsam quis quasi. Maxime sit impedit eveniet sunt praesentium. Labore laboriosam enim aut reiciendis.',5,'2020-09-15 12:20:23','2020-09-15 12:20:23'),(235,81,'Meaghan Mertz','Quo saepe ut quia ipsum qui. Itaque consectetur voluptates facere commodi illum reiciendis quis. Optio amet necessitatibus asperiores repellat fugiat facere voluptas. Quidem eius dolor repellat eveniet sit culpa quidem.',4,'2020-09-15 12:20:23','2020-09-15 12:20:23'),(236,98,'Adaline Streich','Ea accusamus necessitatibus doloremque eum natus aliquid cupiditate in. Doloremque exercitationem aut voluptas rem quae. Molestiae non aspernatur dolorem.',5,'2020-09-15 12:20:23','2020-09-15 12:20:23'),(237,41,'Vernice Osinski','Vel quos et expedita ut rerum numquam. Quidem hic aut eos iusto. Et dolore sit quia dolor fugit.',4,'2020-09-15 12:20:23','2020-09-15 12:20:23'),(238,93,'Maximillia Orn','Reprehenderit alias ipsam iure autem laborum tempore architecto. Facilis veniam inventore eum commodi repellendus aperiam corporis. Blanditiis ullam recusandae nihil expedita impedit veritatis accusantium.',0,'2020-09-15 12:20:23','2020-09-15 12:20:23'),(239,62,'Brionna Johnson','Sed nam et aliquid et praesentium. Omnis molestiae neque doloremque consequatur sit. Rerum unde eum ipsa amet dolorum delectus et.',5,'2020-09-15 12:20:23','2020-09-15 12:20:23'),(240,35,'Dr. Roel Crist I','Atque aut architecto sit doloremque eos impedit provident. Beatae sit vel quos nihil porro fugiat dolores. Inventore ut doloremque maxime praesentium voluptatibus. Deserunt et vel soluta molestiae eum.',2,'2020-09-15 12:20:23','2020-09-15 12:20:23'),(241,39,'Mrs. Luisa Kris','Cum earum sit adipisci voluptas quisquam. Id nam accusamus sed ipsum vel totam maiores. Debitis sit similique voluptate. Et amet quia adipisci est sunt in ullam. Unde illum necessitatibus natus veniam.',4,'2020-09-15 12:20:23','2020-09-15 12:20:23'),(242,50,'Clemmie Hermann','Harum ut assumenda molestiae repellendus possimus non. Iure totam delectus ullam saepe. Sit beatae dolorem illum sed aut. Ut et sint saepe consequatur assumenda exercitationem.',4,'2020-09-15 12:20:23','2020-09-15 12:20:23'),(243,43,'Jevon Krajcik','Et ut quaerat optio ea rem. Itaque minima repellat modi consequatur molestias eligendi. Reprehenderit nobis doloremque laborum deserunt sed in.',2,'2020-09-15 12:20:23','2020-09-15 12:20:23'),(244,53,'Tristin Trantow II','Sunt quae consequuntur placeat temporibus. Vel similique facere dicta beatae porro.',1,'2020-09-15 12:20:23','2020-09-15 12:20:23'),(245,90,'Kirstin O\'Connell','Saepe quibusdam neque unde cupiditate quo nobis labore. Ut harum molestiae molestias nobis qui. Fugiat molestiae non molestiae et.',3,'2020-09-15 12:20:23','2020-09-15 12:20:23'),(246,22,'Prof. Raleigh Bode MD','Delectus sint itaque beatae natus mollitia consequuntur quia voluptas. Ad error vel et culpa eaque ducimus quasi. Ut accusamus deserunt adipisci quibusdam illo. Numquam quo quisquam esse rem veniam quasi laboriosam. Quas blanditiis aliquam et tenetur ut.',4,'2020-09-15 12:20:23','2020-09-15 12:20:23'),(247,2,'Ronaldo Fisher III','Animi dolorem rerum optio mollitia. Natus quisquam facilis quos ut aut et. Dolores expedita quod aut fugiat sapiente ab voluptatibus enim. Asperiores sequi velit esse dolorem ut et adipisci.',3,'2020-09-15 12:20:23','2020-09-15 12:20:23'),(248,64,'Yvette Macejkovic','Praesentium quae nam quam ipsam temporibus. Unde expedita perferendis facilis accusantium. Eveniet corporis omnis consectetur iste sunt placeat quaerat.',4,'2020-09-15 12:20:23','2020-09-15 12:20:23'),(249,71,'Kirsten Runolfsson','Ipsum quia esse et qui minima. Id omnis molestiae nostrum assumenda non autem recusandae. Quibusdam neque aut eum ad sed ea. Id rerum adipisci accusamus omnis. Tempora illum aut tempora ea et.',3,'2020-09-15 12:20:23','2020-09-15 12:20:23'),(250,61,'Nigel Glover','Deserunt sapiente error aut at. Vel impedit laboriosam omnis ducimus in illo rerum. Error aut voluptas atque voluptas cupiditate ab soluta.',5,'2020-09-15 12:20:23','2020-09-15 12:20:23'),(251,45,'Moises Kulas DVM','Et vel et et veniam ut expedita et. Omnis sunt assumenda magni officia. Sit a exercitationem nisi expedita. Adipisci qui enim quia.',3,'2020-09-15 12:20:23','2020-09-15 12:20:23'),(252,8,'Mr. Tatum Watsica','Dolores est rerum distinctio. Voluptas expedita quo dolor debitis soluta et rerum. Minima et necessitatibus corrupti beatae et rerum.',2,'2020-09-15 12:20:23','2020-09-15 12:20:23'),(253,22,'Dillon Satterfield','Autem eos voluptas hic. Recusandae ut suscipit et expedita. Nemo aut expedita minima qui nesciunt iure. Non qui commodi aut laboriosam minima.',2,'2020-09-15 12:20:23','2020-09-15 12:20:23'),(254,59,'Prof. Antonetta Hauck Jr.','Dolorem impedit exercitationem eligendi et. Nesciunt sed natus ut doloribus ratione eligendi. Est repudiandae magnam velit est voluptates. Hic unde qui accusamus sed. Eaque minima maiores corrupti quibusdam vel quia.',2,'2020-09-15 12:20:23','2020-09-15 12:20:23'),(255,48,'Keanu Hilpert','Repellat maiores libero temporibus tempore temporibus expedita quis. Delectus sit quidem officia sit dicta veniam. Aliquid quaerat laudantium natus ipsum.',3,'2020-09-15 12:20:23','2020-09-15 12:20:23'),(256,45,'Giovanni Bahringer IV','Dolores quia nihil quis quisquam. Doloribus tempora nisi ad mollitia nobis sed.',0,'2020-09-15 12:20:23','2020-09-15 12:20:23'),(257,16,'Constance Stanton Sr.','Et expedita eius ut laboriosam. Voluptatem unde qui explicabo. Et voluptatibus odio ipsam eaque id magni. Laborum odio sit vel non at dolor.',4,'2020-09-15 12:20:23','2020-09-15 12:20:23'),(258,98,'Raina O\'Conner','Ut neque laudantium voluptas quaerat voluptatem. Possimus sit unde at est. Perspiciatis molestiae dolores cumque molestias dolores laudantium. Qui consequatur est cum pariatur necessitatibus odio qui qui.',4,'2020-09-15 12:20:23','2020-09-15 12:20:23'),(259,83,'Bobby Schuppe','Assumenda consequatur at perspiciatis debitis quis et. Eaque quia et eum aliquam sint ut. Accusamus ut eius aut accusamus.',4,'2020-09-15 12:20:23','2020-09-15 12:20:23'),(260,93,'Isabella Hahn','Ut aut iste ea est. Explicabo quaerat hic officia quo delectus et. Omnis delectus debitis eligendi accusamus ducimus.',5,'2020-09-15 12:20:23','2020-09-15 12:20:23'),(261,41,'Ted Kerluke V','Rem iure rem rerum consequuntur. Debitis officiis natus tempore earum. Neque deserunt reprehenderit eveniet necessitatibus commodi.',3,'2020-09-15 12:20:23','2020-09-15 12:20:23'),(262,10,'Floyd Rogahn III','Modi facilis a dolores facere dolorem et dolor expedita. Dolore temporibus consequatur mollitia et. Nihil deserunt nemo pariatur nostrum facere quo id et. Unde unde aut quis non vero. Esse nihil amet sed enim.',1,'2020-09-15 12:20:23','2020-09-15 12:20:23'),(263,43,'Mrs. Lily Miller','Modi commodi et placeat consequatur ut nihil. Explicabo voluptatibus dignissimos et nesciunt perferendis voluptatem voluptatem. Qui rerum consequatur a soluta illum voluptate.',2,'2020-09-15 12:20:23','2020-09-15 12:20:23'),(264,29,'Maymie VonRueden','Iure quia tenetur et necessitatibus. Et ut nostrum ab culpa laborum non. Voluptas nobis et sit doloribus laudantium ullam. Consequuntur quibusdam labore aut doloremque laudantium.',2,'2020-09-15 12:20:23','2020-09-15 12:20:23'),(265,67,'Ephraim Cronin','Officia explicabo sunt sit recusandae aspernatur possimus ut quos. Autem nihil cum soluta ratione alias itaque. Vel et similique repellendus dignissimos.',5,'2020-09-15 12:20:23','2020-09-15 12:20:23'),(266,98,'Devonte Von DDS','Quisquam qui eligendi voluptate necessitatibus et enim nobis. Corporis incidunt nisi cupiditate dolores. Quis qui accusantium facere ut eligendi. Nam aut consequuntur possimus ut.',0,'2020-09-15 12:20:23','2020-09-15 12:20:23'),(267,40,'Remington Mann','Sit ut accusamus a autem sunt nisi. Maiores sit natus quos non ut officiis. Ea placeat nulla aliquam ex. A pariatur saepe fuga molestias quia.',2,'2020-09-15 12:20:23','2020-09-15 12:20:23'),(268,29,'Kody Walker','Autem libero deserunt amet at ut ipsa ut sit. Voluptas ullam quaerat occaecati eos saepe minima. Labore similique veritatis saepe earum. Ex beatae iste animi quia repellat. Hic eum expedita illo ipsum architecto non qui.',0,'2020-09-15 12:20:23','2020-09-15 12:20:23'),(269,83,'Cristobal Kshlerin','Quidem sequi officiis nesciunt illum modi. Odit quia voluptatibus deserunt veniam. Eos eveniet quia quo earum nobis corrupti.',4,'2020-09-15 12:20:23','2020-09-15 12:20:23'),(270,57,'Lulu Dicki','Voluptatibus nulla eos dolor. Et soluta nostrum repellat porro vel. Similique laborum in et veniam earum. Sint animi fugit quibusdam accusamus.',5,'2020-09-15 12:20:23','2020-09-15 12:20:23'),(271,6,'Louie Witting','Magni aut numquam sequi perspiciatis omnis. Consectetur voluptas ullam eligendi pariatur quo. Et sequi voluptatem nisi eos unde.',5,'2020-09-15 12:20:23','2020-09-15 12:20:23'),(272,25,'Kaitlyn Gerhold','Sapiente explicabo aliquid fuga et. Officia in rem cum maxime voluptatibus eius. Et illo repellat consequatur consectetur assumenda reiciendis.',2,'2020-09-15 12:20:23','2020-09-15 12:20:23'),(273,100,'Jessy Dickinson','Enim debitis sit tenetur et rerum perferendis consequatur. Consequatur soluta fuga cumque reiciendis veniam omnis. Et dicta architecto tempore. Est voluptatibus qui inventore a esse reprehenderit sint.',0,'2020-09-15 12:20:23','2020-09-15 12:20:23'),(274,96,'Dr. Damaris Paucek','Dignissimos reprehenderit rerum sunt adipisci laboriosam repudiandae eum atque. Aut iusto eum provident molestias sit minima.',2,'2020-09-15 12:20:23','2020-09-15 12:20:23'),(275,66,'Dillan Altenwerth','Voluptatem adipisci et ipsam esse maiores veritatis. Laudantium dolorum voluptatibus aut voluptatem nemo. Animi non molestiae officia.',4,'2020-09-15 12:20:23','2020-09-15 12:20:23'),(276,43,'Kariane Greenfelder','Vitae quas nemo blanditiis sint. Corrupti reiciendis ut sed.',3,'2020-09-15 12:20:23','2020-09-15 12:20:23'),(277,91,'Mr. Afton Morissette Sr.','Ea neque id quasi repellat magni voluptatem. Et veniam vel voluptatem commodi. Dolorem accusamus harum dolor qui voluptatum.',4,'2020-09-15 12:20:23','2020-09-15 12:20:23'),(278,86,'Monty Hilpert','Cumque autem quia autem dolore inventore mollitia incidunt quia. Perspiciatis est dolores quibusdam provident qui eum magni. Ut harum sequi officiis iure debitis assumenda. Alias soluta molestiae aliquam voluptatem mollitia.',0,'2020-09-15 12:20:23','2020-09-15 12:20:23'),(279,50,'Christiana Willms','Voluptatum ut iste id et adipisci. Ut incidunt et et voluptatum est. Tempora iste omnis in laudantium iusto quam.',0,'2020-09-15 12:20:23','2020-09-15 12:20:23'),(280,88,'Gracie Heidenreich','Vel repellendus rerum dolores nam occaecati fugit sed unde. Ratione consequatur illo perferendis quod quo et aperiam. Dolorem incidunt sint expedita corporis illo reprehenderit aut tempora.',2,'2020-09-15 12:20:23','2020-09-15 12:20:23'),(281,40,'Dr. Jordi Grimes Sr.','Quisquam libero aut animi fugit blanditiis dicta. Sit quisquam rem sed autem eligendi. Qui laudantium id amet aspernatur. Quis labore quae quis aut dicta non dolore.',3,'2020-09-15 12:20:23','2020-09-15 12:20:23'),(282,3,'Giovanna Schoen','Nam dicta et facilis. Et quia id velit eligendi quasi enim. Velit in voluptatum accusamus laudantium provident. Consequatur qui quis excepturi quisquam est.',5,'2020-09-15 12:20:23','2020-09-15 12:20:23'),(283,46,'Stefanie Fritsch DDS','Aliquid necessitatibus sed nihil numquam sunt officiis. Nisi rerum iure est quasi quibusdam mollitia molestiae. Quas incidunt omnis exercitationem modi. Ullam deleniti aut debitis et consequuntur voluptatem est.',5,'2020-09-15 12:20:23','2020-09-15 12:20:23'),(284,44,'Arturo Hyatt','Illum minus et sit et hic neque. Velit reprehenderit non impedit error explicabo. Quas inventore at est assumenda sequi sunt esse dolorem. Dolores sunt dolorem nesciunt sit ut dolor.',3,'2020-09-15 12:20:23','2020-09-15 12:20:23'),(285,74,'Olin Robel','Voluptas blanditiis voluptatem dignissimos qui. Placeat quaerat rerum hic et modi. Excepturi quia non soluta labore qui autem. Odit minima illo consequatur qui molestias deserunt.',0,'2020-09-15 12:20:23','2020-09-15 12:20:23'),(286,56,'Tina Abshire','Qui alias eos facilis voluptates. Voluptas officiis ullam voluptatem. Dolore quod doloribus aliquid recusandae nihil doloremque. Non tempora repudiandae laboriosam accusantium est et consequatur.',1,'2020-09-15 12:20:23','2020-09-15 12:20:23'),(287,71,'Camilla Stamm','Aliquam pariatur sed et omnis beatae repudiandae. Unde excepturi quod quasi sunt excepturi molestiae. Magni exercitationem quisquam et minima nihil quod.',2,'2020-09-15 12:20:23','2020-09-15 12:20:23'),(288,94,'Mellie Hettinger I','Voluptatum ut delectus dolore consequatur laboriosam nam. Et praesentium tempora et labore. Sapiente rem molestiae nam esse molestias.',3,'2020-09-15 12:20:23','2020-09-15 12:20:23'),(289,34,'Margret Ryan','Officiis temporibus tenetur aut ex sed. Fugiat dolorem ea ut. Qui nisi dolores aut libero facilis exercitationem consectetur. Odio corporis eos facilis eum aspernatur.',4,'2020-09-15 12:20:23','2020-09-15 12:20:23'),(290,37,'Jarret Klein','Inventore totam laboriosam earum est officiis. Magni est est vero eum. At id error consequatur fugit in expedita vero.',3,'2020-09-15 12:20:23','2020-09-15 12:20:23'),(291,55,'Prof. Gino Huel V','Et minima qui provident odio aut. Et quo facere aut nihil. Eum nihil velit inventore suscipit dolores voluptate in. Facilis consequuntur molestiae placeat laudantium quis dignissimos voluptas.',0,'2020-09-15 12:20:23','2020-09-15 12:20:23'),(292,7,'Jazmin Hauck','Nisi doloribus sed ut odit distinctio tempora et veritatis. Dignissimos eligendi voluptates dicta atque. A ut accusamus vero numquam facilis in et. Officia et amet quia optio nemo non. Ab cupiditate repudiandae dolor velit maxime iure eius.',5,'2020-09-15 12:20:23','2020-09-15 12:20:23'),(293,21,'Leon O\'Hara MD','Commodi alias porro voluptas mollitia reprehenderit animi. Nisi ex alias est rerum velit dolorem alias. Repudiandae veniam et cupiditate tempora at et ut. Exercitationem adipisci iure nostrum ut ut aliquid.',3,'2020-09-15 12:20:23','2020-09-15 12:20:23'),(294,80,'Winifred Walter PhD','Quis beatae aut cumque ipsum et dolor. Iusto non delectus quibusdam sequi sint et tempora animi. Sit rerum quam voluptatem omnis eos reiciendis. Architecto velit maxime nihil debitis.',2,'2020-09-15 12:20:23','2020-09-15 12:20:23'),(295,4,'Mr. Louvenia Bayer','Saepe maxime vel placeat dolor. Aut et aut minima asperiores sed laudantium. Perspiciatis soluta possimus dolor mollitia cupiditate veniam et. Sed similique culpa velit aut. Rerum ut ut necessitatibus quis.',4,'2020-09-15 12:20:23','2020-09-15 12:20:23'),(296,11,'Heaven Rutherford','Velit aperiam sunt harum veritatis quod. Quisquam optio pariatur sequi dignissimos eum voluptates facere.',1,'2020-09-15 12:20:23','2020-09-15 12:20:23'),(297,82,'Macie Toy','Consequatur impedit non aut fugiat tempore. Delectus enim et non eum deleniti. Sint tempore molestias provident et. Qui porro ipsam cumque ullam. Impedit quo in eveniet vero.',0,'2020-09-15 12:20:23','2020-09-15 12:20:23'),(298,59,'Miss Otha Goyette III','Dolore ipsa voluptas molestiae corporis eveniet. Error voluptatibus voluptatem id ab ipsum non ipsam. Enim velit minima consequatur dolor aperiam.',5,'2020-09-15 12:20:23','2020-09-15 12:20:23'),(299,28,'Makenzie Kerluke','Velit et fugiat quia aut. Quos consequatur est non est. Vitae inventore sunt possimus provident sit consequatur.',4,'2020-09-15 12:20:23','2020-09-15 12:20:23'),(300,60,'Kiarra Ullrich','Nisi occaecati eveniet quia ab pariatur. Enim consequatur quasi et harum praesentium molestiae. Eaque aut perspiciatis iusto ea.',0,'2020-09-15 12:20:23','2020-09-15 12:20:23');
/*!40000 ALTER TABLE `reviews` ENABLE KEYS */;
UNLOCK TABLES;

--
-- Table structure for table `users`
--

DROP TABLE IF EXISTS `users`;
/*!40101 SET @saved_cs_client     = @@character_set_client */;
/*!40101 SET character_set_client = utf8 */;
CREATE TABLE `users` (
  `id` bigint(20) unsigned NOT NULL AUTO_INCREMENT,
  `name` varchar(255) COLLATE utf8mb4_unicode_ci NOT NULL,
  `email` varchar(255) COLLATE utf8mb4_unicode_ci NOT NULL,
  `email_verified_at` timestamp NULL DEFAULT NULL,
  `password` varchar(255) COLLATE utf8mb4_unicode_ci NOT NULL,
  `remember_token` varchar(100) COLLATE utf8mb4_unicode_ci DEFAULT NULL,
  `created_at` timestamp NULL DEFAULT NULL,
  `updated_at` timestamp NULL DEFAULT NULL,
  PRIMARY KEY (`id`),
  UNIQUE KEY `users_email_unique` (`email`)
) ENGINE=InnoDB DEFAULT CHARSET=utf8mb4 COLLATE=utf8mb4_unicode_ci;
/*!40101 SET character_set_client = @saved_cs_client */;

--
-- Dumping data for table `users`
--

LOCK TABLES `users` WRITE;
/*!40000 ALTER TABLE `users` DISABLE KEYS */;
/*!40000 ALTER TABLE `users` ENABLE KEYS */;
UNLOCK TABLES;
/*!40103 SET TIME_ZONE=@OLD_TIME_ZONE */;

/*!40101 SET SQL_MODE=@OLD_SQL_MODE */;
/*!40014 SET FOREIGN_KEY_CHECKS=@OLD_FOREIGN_KEY_CHECKS */;
/*!40014 SET UNIQUE_CHECKS=@OLD_UNIQUE_CHECKS */;
/*!40101 SET CHARACTER_SET_CLIENT=@OLD_CHARACTER_SET_CLIENT */;
/*!40101 SET CHARACTER_SET_RESULTS=@OLD_CHARACTER_SET_RESULTS */;
/*!40101 SET COLLATION_CONNECTION=@OLD_COLLATION_CONNECTION */;
/*!40111 SET SQL_NOTES=@OLD_SQL_NOTES */;

-- Dump completed on 2020-09-15 12:24:27
